,Open,High,Low,Close,Volume
2024-12-24 04:00:00,85.4400,86.9400,85.4400,86.4000,1893
2024-12-24 04:15:00,86.5400,86.6300,86.4100,86.6300,728
2024-12-24 04:30:00,86.6000,86.8700,86.6000,86.7900,150
2024-12-24 04:45:00,86.6400,86.7800,86.6400,86.7800,13
2024-12-24 05:00:00,86.7000,86.7800,86.7000,86.7800,105
2024-12-24 05:15:00,86.7800,86.7800,86.7700,86.7700,82
2024-12-24 05:30:00,86.7800,86.8000,86.7000,86.7000,1045
2024-12-24 05:45:00,86.7600,86.7800,86.7300,86.7600,297
2024-12-24 06:00:00,86.7800,86.7800,86.0500,86.7500,761
2024-12-24 06:15:00,86.5400,86.7400,86.5300,86.7400,206
2024-12-24 06:30:00,86.6100,86.6100,86.5900,86.6100,436
2024-12-24 06:45:00,86.6200,86.6800,86.5900,86.6100,726
2024-12-24 07:00:00,86.7400,86.7600,86.5800,86.6200,450
2024-12-24 07:15:00,86.6900,86.8400,86.6900,86.7600,1082
2024-12-24 07:30:00,86.7700,86.7800,86.6900,86.7500,207
2024-12-24 07:45:00,86.7500,86.8000,86.7500,86.7600,24
2024-12-24 08:00:00,86.8000,86.9400,85.4400,86.8000,7781
2024-12-24 08:15:00,86.6400,86.8800,86.6400,86.7900,404
2024-12-24 08:30:00,86.6700,86.9000,86.6700,86.8800,308
2024-12-24 08:45:00,86.8000,87.0100,86.7400,87.0100,2615
2024-12-24 09:00:00,87.0000,87.1000,86.8000,87.1000,998
2024-12-24 09:15:00,87.0400,87.1000,86.7100,86.8600,3247
2024-12-24 09:30:00,86.9000,87.2000,86.5900,87.1300,469365
2024-12-24 09:45:00,87.1103,87.1700,86.8500,87.0950,297376
2024-12-24 10:00:00,87.0910,87.7500,87.0500,87.7200,340500
2024-12-24 10:15:00,87.7270,87.8400,87.6700,87.7300,124897
2024-12-24 10:30:00,87.7200,87.8700,87.6700,87.8650,122280
2024-12-24 10:45:00,87.8700,87.9900,87.7800,87.9900,128061
2024-12-24 11:00:00,87.9900,88.0237,87.7500,87.8500,132416
2024-12-24 11:15:00,87.8450,87.9223,87.7500,87.7700,108677
2024-12-24 11:30:00,87.7525,87.9000,87.7401,87.9000,116462
2024-12-24 11:45:00,87.8700,87.9500,87.7200,87.7750,107276
2024-12-24 12:00:00,87.7765,88.0000,87.7500,87.9400,88975
2024-12-24 12:15:00,87.9500,87.9800,87.8900,87.9450,75296
2024-12-24 12:30:00,87.9450,88.0600,87.8500,88.0300,134341
2024-12-24 12:45:00,88.0200,88.3300,87.9850,88.2200,433926
2024-12-24 13:00:00,88.2500,88.3900,87.9700,88.3000,1487729
2024-12-24 13:15:00,88.2500,88.3500,88.1000,88.1000,361
2024-12-24 13:30:00,88.2500,88.3500,87.9700,88.1650,611
2024-12-24 13:45:00,88.0000,88.3500,88.0000,88.1750,12509
2024-12-24 14:00:00,88.2400,88.3500,88.0100,88.0100,1154
2024-12-24 14:15:00,88.0100,88.3400,88.0100,88.1800,549
2024-12-24 14:30:00,88.1800,88.3400,88.0200,88.1000,696
2024-12-24 14:45:00,88.1000,88.3400,88.1000,88.2500,176
2024-12-24 15:00:00,88.0200,88.3400,88.0200,88.0300,606
2024-12-24 15:15:00,88.2000,88.3400,88.2000,88.3000,381
2024-12-24 15:30:00,88.3000,88.3300,88.2000,88.3200,380
2024-12-24 15:45:00,88.2600,88.3200,88.2000,88.2100,315
2024-12-24 16:00:00,88.2500,88.3000,88.2000,88.2000,202
2024-12-24 16:15:00,88.2000,88.3000,88.2000,88.2400,87
2024-12-24 16:30:00,88.2800,88.3000,88.2000,88.2200,2575
2024-12-24 16:45:00,88.2200,88.3000,88.2000,88.3000,513
2024-12-26 04:00:00,88.2000,88.9900,88.0200,88.1300,2008
2024-12-26 04:15:00,88.1100,88.1100,88.0000,88.0700,568
2024-12-26 04:30:00,88.0000,88.0800,88.0000,88.0500,955
2024-12-26 04:45:00,88.0400,88.1000,88.0000,88.0500,1471
2024-12-26 05:00:00,88.0500,88.0500,87.9200,87.9400,2191
2024-12-26 05:15:00,87.9500,87.9500,87.7600,87.7900,139
2024-12-26 05:30:00,87.8000,87.9500,87.7400,87.9500,36
2024-12-26 05:45:00,87.7700,87.9800,87.7600,87.9500,139
2024-12-26 06:00:00,87.8300,87.9600,87.8300,87.8400,50
2024-12-26 06:15:00,87.7900,87.9700,87.7900,87.9700,628
2024-12-26 06:30:00,87.9700,87.9900,87.9700,87.9900,138
2024-12-26 06:45:00,87.9900,88.0100,87.9800,87.9900,498
2024-12-26 07:00:00,88.0300,88.0600,87.9500,87.9500,2525
2024-12-26 07:15:00,87.9500,88.0000,87.9500,87.9900,144
2024-12-26 07:30:00,87.9600,88.0400,87.9500,87.9500,1150
2024-12-26 07:45:00,87.9900,88.0000,87.9100,87.9400,908
2024-12-26 08:00:00,88.0500,88.9988,87.0012,87.7900,5027
2024-12-26 08:15:00,87.5300,87.9100,87.5300,87.9000,353
2024-12-26 08:30:00,87.8500,88.0000,87.8000,87.9100,6287
2024-12-26 08:45:00,87.9100,88.0100,87.9000,87.9100,1527
2024-12-26 09:00:00,87.9000,88.0000,87.8561,87.9000,1215
2024-12-26 09:15:00,87.9100,87.9400,87.6000,87.7000,2417
2024-12-26 09:30:00,87.6000,87.9500,87.2600,87.8800,232846
2024-12-26 09:45:00,87.9000,88.0000,87.6564,87.8300,144629
2024-12-26 10:00:00,87.8300,88.0505,87.7900,88.0261,141125
2024-12-26 10:15:00,88.0571,88.3600,88.0100,88.3210,212614
2024-12-26 10:30:00,88.3200,88.4000,88.1500,88.1500,88718
2024-12-26 10:45:00,88.1550,88.3600,88.1500,88.3600,67914
2024-12-26 11:00:00,88.3500,88.5500,88.3300,88.5100,96550
2024-12-26 11:15:00,88.5150,88.5688,88.3000,88.4600,121480
2024-12-26 11:30:00,88.4500,88.5550,88.4400,88.5400,103667
2024-12-26 11:45:00,88.5500,88.7300,88.5500,88.6786,114318
2024-12-26 12:00:00,88.6800,88.6806,88.5600,88.5800,73877
2024-12-26 12:15:00,88.5700,88.5800,88.3300,88.3800,108654
2024-12-26 12:30:00,88.3853,88.4271,88.2900,88.3900,111810
2024-12-26 12:45:00,88.3900,88.4000,88.1100,88.2700,137051
2024-12-26 13:00:00,88.2875,88.4200,88.2600,88.2901,84415
2024-12-26 13:15:00,88.2900,88.4800,88.2800,88.4267,65959
2024-12-26 13:30:00,88.4200,88.4660,88.2300,88.2576,60487
2024-12-26 13:45:00,88.2700,88.3400,88.2200,88.2300,71065
2024-12-26 14:00:00,88.2200,88.2400,88.1200,88.1990,76365
2024-12-26 14:15:00,88.2000,88.2700,88.1700,88.2400,59610
2024-12-26 14:30:00,88.2400,88.3050,88.2000,88.2650,73445
2024-12-26 14:45:00,88.2700,88.3484,88.2500,88.3250,60543
2024-12-26 15:00:00,88.3200,88.3769,88.2900,88.2900,81030
2024-12-26 15:15:00,88.2950,88.4500,88.2887,88.4500,100704
2024-12-26 15:30:00,88.4400,88.4600,88.1700,88.1700,185784
2024-12-26 15:45:00,88.1600,88.2800,88.0400,88.1400,544221
2024-12-26 16:00:00,88.1400,88.4600,88.0000,88.2000,2013420
2024-12-26 16:15:00,88.1400,88.2000,87.6000,88.0900,20550
2024-12-26 16:30:00,87.6000,88.1400,87.6000,88.0250,76753
2024-12-26 16:45:00,88.0482,88.1000,87.9200,88.0400,2023
2024-12-26 17:00:00,88.0300,88.2000,88.0300,88.0800,451
2024-12-26 17:15:00,88.0800,88.2000,83.2891,88.1400,27198
2024-12-26 17:30:00,88.1500,88.1700,83.2891,88.0900,9639
2024-12-26 17:45:00,88.0800,88.2000,88.0800,88.0900,137
2024-12-26 18:00:00,88.0900,88.2000,88.0800,88.1400,242
2024-12-26 18:15:00,88.1300,88.2000,88.0800,88.0800,377
2024-12-26 18:30:00,88.0900,88.1400,88.0800,88.0900,58
2024-12-26 18:45:00,88.0900,88.2000,88.0800,88.0900,70
2024-12-26 19:00:00,88.0800,88.2000,88.0800,88.0900,30
2024-12-26 19:15:00,88.0800,88.0800,88.0100,88.0200,599
2024-12-26 19:30:00,88.0400,88.2000,87.6000,88.2000,190
2024-12-26 19:45:00,87.9650,88.2000,87.6000,87.9260,268
2024-12-27 04:00:00,87.5000,87.6000,87.4000,87.5000,1307
2024-12-27 04:15:00,87.5900,87.6300,87.4200,87.5800,2562
2024-12-27 04:30:00,87.5800,87.5800,87.4800,87.5700,114
2024-12-27 04:45:00,87.5600,87.5900,87.5200,87.5200,1396
2024-12-27 05:00:00,87.5400,87.6200,87.4700,87.5400,1196
2024-12-27 05:15:00,87.5500,87.6000,87.4100,87.4200,852
2024-12-27 05:30:00,87.5500,87.5700,87.4000,87.4000,347
2024-12-27 05:45:00,87.4000,87.5600,87.4000,87.5300,821
2024-12-27 06:00:00,87.6000,87.6000,87.4500,87.4500,537
2024-12-27 06:15:00,87.4500,87.5900,87.4500,87.5900,1181
2024-12-27 06:30:00,87.5800,87.6000,87.5800,87.5800,71
2024-12-27 06:45:00,87.5900,87.7100,87.5900,87.7000,333
2024-12-27 07:00:00,87.7600,87.8000,87.7000,87.7100,154
2024-12-27 07:15:00,87.7100,87.7600,87.6900,87.6900,625
2024-12-27 07:30:00,87.7100,87.7600,87.6900,87.7400,1095
2024-12-27 07:45:00,87.7200,87.7800,87.7100,87.7700,232
2024-12-27 08:00:00,87.7100,88.1400,87.2712,87.7500,4135
2024-12-27 08:15:00,87.7400,87.7550,87.6700,87.6700,268
2024-12-27 08:30:00,87.6900,87.7100,87.5200,87.5300,1617
2024-12-27 08:45:00,87.5700,87.6400,87.5700,87.6200,1702
2024-12-27 09:00:00,87.6200,87.6400,87.5000,87.5700,2077
2024-12-27 09:15:00,87.6400,87.6400,87.1000,87.2600,6886
2024-12-27 09:30:00,87.3600,87.6550,87.2200,87.2800,270023
2024-12-27 09:45:00,87.3000,87.6100,87.2200,87.3300,133511
2024-12-27 10:00:00,87.3100,87.3300,86.5177,86.5800,232292
2024-12-27 10:15:00,86.5700,86.7099,86.2350,86.3850,231665
2024-12-27 10:30:00,86.4000,86.5800,86.2800,86.4200,206097
2024-12-27 10:45:00,86.4400,86.7700,86.4200,86.6100,127010
2024-12-27 11:00:00,86.6000,86.6200,86.3600,86.3850,139196
2024-12-27 11:15:00,86.4000,86.8200,86.3600,86.8185,101124
2024-12-27 11:30:00,86.8400,86.8800,86.5900,86.5960,81724
2024-12-27 11:45:00,86.5800,86.6600,86.2606,86.4000,109310
2024-12-27 12:00:00,86.4001,86.4705,86.2900,86.3500,59947
2024-12-27 12:15:00,86.3600,86.4400,86.2027,86.3550,90947
2024-12-27 12:30:00,86.3700,86.4400,86.2100,86.4200,106483
2024-12-27 12:45:00,86.4100,86.4392,86.2400,86.4392,88102
2024-12-27 13:00:00,86.4000,86.5700,86.3700,86.5400,78487
2024-12-27 13:15:00,86.5300,86.6300,86.4900,86.5900,73470
2024-12-27 13:30:00,86.5800,86.7042,86.5700,86.6700,74523
2024-12-27 13:45:00,86.6552,86.8978,86.5700,86.8500,98910
2024-12-27 14:00:00,86.8600,86.9500,86.7450,86.8700,105085
2024-12-27 14:15:00,86.8800,87.0100,86.8100,86.8600,86387
2024-12-27 14:30:00,86.8600,87.0000,86.8471,86.9300,74063
2024-12-27 14:45:00,86.9700,87.1600,86.9652,87.0700,83773
2024-12-27 15:00:00,87.0700,87.0822,86.6700,86.7089,105407
2024-12-27 15:15:00,86.7150,86.8000,86.6800,86.7500,116623
2024-12-27 15:30:00,86.7550,86.7550,86.5200,86.5600,165800
2024-12-27 15:45:00,86.5700,87.0000,86.4950,86.9000,604326
2024-12-27 16:00:00,86.9000,87.2600,86.6700,86.6700,2588675
2024-12-27 16:15:00,86.7200,87.1900,86.6700,86.8700,30282
2024-12-27 16:30:00,86.8700,86.9900,86.6700,86.9900,1531
2024-12-27 16:45:00,86.8300,87.1000,86.6700,87.0300,997
2024-12-27 17:00:00,86.9600,87.1000,86.9500,87.0282,1708
2024-12-27 17:15:00,87.0299,87.0300,86.8100,86.8600,19789
2024-12-27 17:30:00,86.8700,87.0300,86.8600,86.8700,226
2024-12-27 17:45:00,86.8800,86.9450,86.8600,86.8800,2986
2024-12-27 18:00:00,87.0000,87.0000,86.8600,86.8708,80
2024-12-27 18:15:00,87.0300,87.0300,86.8700,86.8700,40
2024-12-27 18:30:00,86.8800,87.0300,86.8600,87.0000,116
2024-12-27 18:45:00,87.0000,87.0300,86.8900,87.0300,8513
2024-12-27 19:00:00,86.9000,87.0000,86.8900,86.9100,253
2024-12-27 19:15:00,87.0000,87.0000,86.8900,86.9100,123
2024-12-27 19:30:00,86.9987,87.0000,86.8900,86.9000,226
2024-12-27 19:45:00,86.8900,87.0000,86.8900,86.9100,735
2024-12-30 04:00:00,86.7800,86.7800,86.0100,86.4300,1497
2024-12-30 04:15:00,86.4300,86.6200,86.4000,86.5200,275
2024-12-30 04:30:00,86.5300,86.5400,86.5000,86.5000,356
2024-12-30 04:45:00,86.5000,86.5600,86.4400,86.4700,829
2024-12-30 05:00:00,86.4500,86.5200,86.4500,86.5200,1359
2024-12-30 05:15:00,86.5700,86.5700,86.4800,86.5200,1681
2024-12-30 05:30:00,86.4900,86.4900,86.4900,86.4900,45
2024-12-30 05:45:00,86.5100,86.5100,86.4700,86.4700,223
2024-12-30 06:00:00,86.4700,86.4900,86.4200,86.4300,190
2024-12-30 06:15:00,86.4300,86.4900,86.4300,86.4500,583
2024-12-30 06:30:00,86.4600,86.4900,86.3600,86.3600,659
2024-12-30 06:45:00,86.3700,86.4400,86.3700,86.3800,653
2024-12-30 07:00:00,86.4300,86.4700,86.3600,86.4000,639
2024-12-30 07:15:00,86.4400,86.4400,86.2900,86.3500,1147
2024-12-30 07:30:00,86.4400,86.4400,86.1500,86.1700,3325
2024-12-30 07:45:00,86.2500,86.2500,85.9900,85.9900,3425
2024-12-30 08:00:00,86.0100,86.8600,85.9400,85.9400,10005
2024-12-30 08:15:00,85.9600,86.1000,85.9400,86.0100,1192
2024-12-30 08:30:00,86.1000,86.1000,85.5500,85.6200,2735
2024-12-30 08:45:00,85.6950,85.8400,85.3300,85.6000,3014
2024-12-30 09:00:00,85.5200,85.7000,85.5100,85.5500,4551
2024-12-30 09:15:00,85.6300,85.7000,85.1900,85.6999,4088
2024-12-30 09:30:00,85.6900,86.0675,85.2200,85.3100,389340
2024-12-30 09:45:00,85.2900,85.2999,84.7800,84.8600,298774
2024-12-30 10:00:00,84.8400,85.1472,84.7100,84.9696,289483
2024-12-30 10:15:00,84.9580,85.0400,84.6600,84.9200,279656
2024-12-30 10:30:00,84.9100,85.2500,84.7950,85.1900,138892
2024-12-30 10:45:00,85.1850,85.4100,84.9600,85.3781,123600
2024-12-30 11:00:00,85.3700,85.5000,85.2900,85.3900,152941
2024-12-30 11:15:00,85.3750,85.5300,85.3000,85.4500,166951
2024-12-30 11:30:00,85.4400,85.7600,85.4400,85.7300,148673
2024-12-30 11:45:00,85.7200,85.7600,85.5200,85.7250,172369
2024-12-30 12:00:00,85.7200,85.8700,85.6000,85.6400,140610
2024-12-30 12:15:00,85.6250,85.7900,85.6250,85.7200,100701
2024-12-30 12:30:00,85.7200,85.8500,85.6950,85.8299,67810
2024-12-30 12:45:00,85.8200,85.9600,85.6400,85.8903,99232
2024-12-30 13:00:00,85.8900,86.0200,85.7250,85.9900,86970
2024-12-30 13:15:00,86.0000,86.0300,85.7100,85.8250,84678
2024-12-30 13:30:00,85.8200,85.9595,85.7600,85.8999,93874
2024-12-30 13:45:00,85.8900,85.9600,85.8500,85.9100,73511
2024-12-30 14:00:00,85.9100,85.9350,85.6100,85.6600,101021
2024-12-30 14:15:00,85.6500,85.7600,85.5500,85.6700,95717
2024-12-30 14:30:00,85.6700,85.7900,85.6600,85.7500,105663
2024-12-30 14:45:00,85.7400,85.8500,85.7400,85.7918,83840
2024-12-30 15:00:00,85.7900,85.8400,85.6600,85.7800,103799
2024-12-30 15:15:00,85.7800,85.8400,85.6300,85.6300,167539
2024-12-30 15:30:00,85.6300,85.7100,85.5300,85.5900,279982
2024-12-30 15:45:00,85.5900,85.8000,85.3800,85.3900,652965
2024-12-30 16:00:00,85.3900,85.4650,85.2000,85.2900,1960671
2024-12-30 16:15:00,85.3300,85.4300,85.2500,85.2500,2593
2024-12-30 16:30:00,85.2000,85.4000,85.2000,85.2000,542
2024-12-30 16:45:00,85.2000,85.4300,85.2000,85.3000,46877
2024-12-30 17:00:00,85.2100,85.4300,85.2000,85.4000,10224
2024-12-30 17:15:00,85.2000,85.4300,85.2000,85.3000,516
2024-12-30 17:30:00,85.3884,85.3900,85.2000,85.2600,493
2024-12-30 17:45:00,85.2000,85.3700,85.2000,85.3700,939
2024-12-30 18:00:00,85.3200,85.3900,85.2500,85.2700,285
2024-12-30 18:15:00,85.2700,85.3900,85.1500,85.1500,576
2024-12-30 18:30:00,85.3000,85.4088,85.1500,85.2250,1391
2024-12-30 18:45:00,85.0200,85.4300,85.0200,85.4000,1073
2024-12-30 19:00:00,85.2350,85.5200,85.0500,85.5200,1651
2024-12-30 19:15:00,85.5200,85.5200,85.0400,85.1001,1123
2024-12-30 19:30:00,85.4300,85.4300,85.1000,85.3100,294
2024-12-30 19:45:00,85.0500,85.5200,85.0500,85.2700,216
2024-12-31 04:00:00,85.3100,86.2700,85.3000,85.5200,488
2024-12-31 04:15:00,85.8200,86.1400,85.4300,85.4800,3573
2024-12-31 04:30:00,86.0400,86.0400,85.4900,85.9900,1582
2024-12-31 05:00:00,85.8200,86.0400,85.6600,85.9700,157
2024-12-31 05:30:00,85.9600,85.9600,85.6600,85.9600,227
2024-12-31 05:45:00,86.0000,86.0200,85.9600,85.9600,58
2024-12-31 06:00:00,85.8600,85.9600,85.7600,85.7600,9
2024-12-31 06:15:00,85.7500,85.9600,85.7100,85.8500,216
2024-12-31 06:30:00,85.9600,85.9600,85.9600,85.9600,8
2024-12-31 06:45:00,85.7300,85.9700,85.7300,85.9600,255
2024-12-31 07:00:00,85.9600,85.9600,85.7600,85.8500,2328
2024-12-31 07:15:00,85.8800,85.8800,85.8200,85.8600,654
2024-12-31 07:30:00,85.8500,85.8800,85.7700,85.7700,1018
2024-12-31 07:45:00,85.7100,85.7600,85.6200,85.6400,550
2024-12-31 08:00:00,85.8300,86.2988,85.2300,85.7150,3689
2024-12-31 08:15:00,85.7200,85.7500,85.6000,85.6903,1742
2024-12-31 08:30:00,85.7500,86.0000,85.6900,86.0000,705
2024-12-31 08:45:00,85.8160,86.0000,85.5000,85.5000,2820
2024-12-31 09:00:00,85.6300,86.0000,85.5000,85.8800,1946
2024-12-31 09:15:00,85.7800,86.0000,85.5400,85.9000,2597
2024-12-31 09:30:00,85.7350,85.9000,85.0500,85.4496,263176
2024-12-31 09:45:00,85.5050,85.6500,85.3773,85.5000,96288
2024-12-31 10:00:00,85.5000,85.7300,85.2100,85.5101,134904
2024-12-31 10:15:00,85.5147,85.9000,85.4700,85.7000,121131
2024-12-31 10:30:00,85.7000,85.8300,85.5115,85.5701,91310
2024-12-31 10:45:00,85.6200,85.7800,85.5266,85.6350,77300
2024-12-31 11:00:00,85.6450,85.6450,85.3300,85.6350,98975
2024-12-31 11:15:00,85.6350,85.7300,85.5800,85.6800,203389
2024-12-31 11:30:00,85.6896,85.7850,85.4893,85.7600,91939
2024-12-31 11:45:00,85.7400,85.8700,85.6600,85.7300,91121
2024-12-31 12:00:00,85.7150,85.7200,85.5700,85.5850,84027
2024-12-31 12:15:00,85.6100,85.6100,85.3300,85.3558,179280
2024-12-31 12:30:00,85.3500,85.4100,85.2100,85.2900,132179
2024-12-31 12:45:00,85.2850,85.7300,85.2400,85.7300,96514
2024-12-31 13:00:00,85.7200,85.8300,85.5900,85.6200,96832
2024-12-31 13:15:00,85.6100,85.6700,85.2800,85.2900,101012
2024-12-31 13:30:00,85.2900,85.5600,85.2700,85.5200,125288
2024-12-31 13:45:00,85.5300,85.6300,85.4100,85.4150,105111
2024-12-31 14:00:00,85.4120,85.5799,85.2500,85.5400,70767
2024-12-31 14:15:00,85.5500,85.5500,85.2050,85.2850,105427
2024-12-31 14:30:00,85.2850,85.3000,85.0700,85.1800,114017
2024-12-31 14:45:00,85.1860,85.4600,85.1460,85.4500,90767
2024-12-31 15:00:00,85.4300,85.5526,85.2197,85.2600,90494
2024-12-31 15:15:00,85.2600,85.5700,85.2200,85.5500,123840
2024-12-31 15:30:00,85.5400,85.5900,85.3200,85.3400,144611
2024-12-31 15:45:00,85.3400,85.4850,85.1600,85.3400,639925
2024-12-31 16:00:00,85.3500,86.0000,85.1900,85.2900,1630059
2024-12-31 16:15:00,85.3500,85.4400,85.2800,85.4400,26562
2024-12-31 16:30:00,85.3200,85.3500,85.2900,85.3500,1975
2024-12-31 16:45:00,85.2900,85.3500,82.2545,85.2900,4505
2024-12-31 17:00:00,85.3500,85.3500,85.2900,85.3150,467
2024-12-31 17:15:00,85.2900,85.3300,85.2800,85.3000,1486
2024-12-31 17:30:00,85.3000,85.3300,85.2800,85.3300,160
2024-12-31 17:45:00,85.3050,85.3300,85.2800,85.3300,668
2024-12-31 18:00:00,85.3500,85.3500,85.3300,85.3300,2384
2024-12-31 18:15:00,85.3300,85.3399,85.2800,85.2800,130
2024-12-31 18:30:00,85.2800,85.3400,85.2800,85.3100,109
2024-12-31 18:45:00,85.3100,85.3400,85.3000,85.3200,454
2024-12-31 19:00:00,85.3388,85.3388,85.3100,85.3200,74
2024-12-31 19:15:00,85.3200,85.3400,85.2800,85.3300,631
2024-12-31 19:30:00,85.2800,85.3400,85.2800,85.3000,115
2024-12-31 19:45:00,85.2800,85.2800,85.2100,85.2117,1027
2025-01-02 04:00:00,85.5900,85.8200,85.3600,85.7200,4041
2025-01-02 04:15:00,85.7800,85.7800,85.7100,85.7200,719
2025-01-02 04:30:00,85.7200,85.7200,85.6700,85.6900,2034
2025-01-02 04:45:00,85.7400,85.8000,85.6900,85.7000,716
2025-01-02 05:00:00,85.6900,85.7800,85.6700,85.6700,312
2025-01-02 05:15:00,85.6800,85.6900,85.6000,85.6900,168
2025-01-02 05:30:00,85.6900,85.7000,85.6600,85.6600,822
2025-01-02 05:45:00,85.7000,85.9400,85.7000,85.8800,2536
2025-01-02 06:00:00,85.9400,85.9400,85.8000,85.9100,97
2025-01-02 06:15:00,85.9200,85.9200,85.8300,85.8300,389
2025-01-02 06:30:00,85.8200,85.8900,85.8000,85.8800,4066
2025-01-02 06:45:00,85.8600,85.9300,85.8600,85.9000,537
2025-01-02 07:00:00,85.9100,86.1900,85.9100,86.1800,1961
2025-01-02 07:15:00,86.1800,86.3200,86.1800,86.3000,1654
2025-01-02 07:30:00,86.2400,86.3000,86.1300,86.1300,2177
2025-01-02 07:45:00,86.1800,86.2200,86.0300,86.0300,343
2025-01-02 08:00:00,85.3562,86.3800,85.0000,86.0000,11492
2025-01-02 08:15:00,85.9900,86.1200,85.9300,85.9800,2049
2025-01-02 08:30:00,85.9800,86.0400,85.9400,85.9700,993
2025-01-02 08:45:00,85.9800,86.0400,85.9200,86.0000,5007
2025-01-02 09:00:00,85.9600,86.0000,85.7700,85.8400,1254
2025-01-02 09:15:00,85.8400,86.0000,85.6500,85.9000,4901
2025-01-02 09:30:00,85.8350,85.8816,84.8200,85.5300,425582
2025-01-02 09:45:00,85.4600,86.5000,85.4400,86.4500,255018
2025-01-02 10:00:00,86.4400,86.9400,86.4100,86.7300,339266
2025-01-02 10:15:00,86.7100,86.7898,86.1700,86.3500,298844
2025-01-02 10:30:00,86.3400,86.5000,86.0100,86.3100,216711
2025-01-02 10:45:00,86.3000,86.6000,86.1200,86.3600,157146
2025-01-02 11:00:00,86.3799,86.4399,85.9500,86.2301,148190
2025-01-02 11:15:00,86.2700,86.5900,86.2200,86.5157,116726
2025-01-02 11:30:00,86.5100,86.9300,86.4000,86.8450,158309
2025-01-02 11:45:00,86.8450,86.9100,86.5750,86.6700,184551
2025-01-02 12:00:00,86.6700,86.7500,86.4800,86.6700,163202
2025-01-02 12:15:00,86.6600,86.7300,85.8800,85.9350,159348
2025-01-02 12:30:00,85.8700,86.0100,85.3500,85.4800,230967
2025-01-02 12:45:00,85.5200,85.7317,85.1500,85.7100,152733
2025-01-02 13:00:00,85.6700,85.6900,85.2500,85.2700,91703
2025-01-02 13:15:00,85.3000,85.5000,85.1600,85.4900,137466
2025-01-02 13:30:00,85.4800,85.5900,85.1500,85.5850,108817
2025-01-02 13:45:00,85.5850,85.6000,85.3600,85.5700,127178
2025-01-02 14:00:00,85.5700,85.8800,85.5150,85.8050,176386
2025-01-02 14:15:00,85.8200,86.1000,85.7562,86.0400,157404
2025-01-02 14:30:00,86.0200,86.0450,85.8200,85.9150,137142
2025-01-02 14:45:00,85.9400,86.1000,85.7950,85.7950,156199
2025-01-02 15:00:00,85.8100,86.2700,85.8100,86.2200,146729
2025-01-02 15:15:00,86.2100,86.3511,86.1033,86.3100,233543
2025-01-02 15:30:00,86.3310,86.4600,86.2200,86.2600,212585
2025-01-02 15:45:00,86.2600,86.3800,85.9400,86.1900,625382
2025-01-02 16:00:00,86.2000,86.4100,85.8600,86.1800,1400579
2025-01-02 16:15:00,86.1800,86.4000,86.1800,86.3900,409
2025-01-02 16:30:00,86.4200,86.5000,86.1560,86.4000,53277
2025-01-02 16:45:00,86.3000,86.4200,86.1500,86.3000,602
2025-01-02 17:00:00,86.1500,86.2850,86.1500,86.2000,59
2025-01-02 17:15:00,86.2100,86.4200,82.0053,86.1700,552
2025-01-02 17:30:00,86.2950,86.4200,82.0053,86.2950,261
2025-01-02 17:45:00,86.1700,86.5600,86.1700,86.5000,1628
2025-01-02 18:00:00,86.3100,86.5700,86.1700,86.5700,349
2025-01-02 18:15:00,86.3000,86.5700,86.1700,86.1800,144
2025-01-02 18:30:00,86.1700,86.3700,86.1500,86.1500,324
2025-01-02 18:45:00,86.1500,86.1500,86.1000,86.1500,697
2025-01-02 19:00:00,86.4400,86.9000,86.1500,86.1500,131
2025-01-02 19:15:00,86.2800,86.9000,85.5900,86.5400,1054
2025-01-02 19:30:00,86.1800,86.4800,86.1800,86.4800,383
2025-01-02 19:45:00,86.4300,86.4800,86.2500,86.2900,516
2025-01-03 04:00:00,86.1900,86.4200,86.1900,86.4200,2373
2025-01-03 04:15:00,86.5200,86.5600,86.4500,86.4900,90
2025-01-03 04:30:00,86.4900,86.6400,86.4900,86.6400,364
2025-01-03 04:45:00,86.5700,86.6000,86.5700,86.6000,61
2025-01-03 05:00:00,86.5800,86.6600,86.5700,86.6000,226
2025-01-03 05:15:00,86.5800,86.6000,86.5700,86.5800,61
2025-01-03 05:30:00,86.5800,86.6000,86.5400,86.5400,325
2025-01-03 05:45:00,86.5400,86.5400,86.4300,86.4400,2257
2025-01-03 06:00:00,86.4200,86.4300,86.4200,86.4200,456
2025-01-03 06:15:00,86.4300,86.4800,86.4300,86.4300,404
2025-01-03 06:30:00,86.4300,86.4300,86.4300,86.4300,5
2025-01-03 06:45:00,86.4600,86.4800,86.4300,86.4800,16
2025-01-03 07:00:00,86.4800,86.4800,86.4200,86.4600,1989
2025-01-03 07:15:00,86.4400,86.4800,86.4000,86.4500,1594
2025-01-03 07:30:00,86.4600,86.4600,86.3800,86.3900,313
2025-01-03 07:45:00,86.4000,86.4700,86.3700,86.4700,673
2025-01-03 08:00:00,86.4200,86.7588,86.1800,86.4900,3375
2025-01-03 08:15:00,86.5500,86.6000,86.4800,86.5400,706
2025-01-03 08:30:00,86.5400,86.6800,86.4800,86.5700,1023
2025-01-03 08:45:00,86.5700,86.6500,86.4700,86.5400,944
2025-01-03 09:00:00,86.6000,86.6500,86.4700,86.5550,1470
2025-01-03 09:15:00,86.5550,86.9000,86.4700,86.9000,1305
2025-01-03 09:30:00,86.7300,87.5500,86.7086,87.3100,357164
2025-01-03 09:45:00,87.3300,87.3600,86.4284,86.6700,255513
2025-01-03 10:00:00,86.6800,87.1000,86.5500,86.6950,238482
2025-01-03 10:15:00,86.7100,87.0500,86.3100,87.0300,208061
2025-01-03 10:30:00,87.0200,87.1500,86.8350,87.0893,193742
2025-01-03 10:45:00,87.0900,87.1900,86.9100,87.0884,128768
2025-01-03 11:00:00,87.1100,87.1600,86.7300,86.9000,138446
2025-01-03 11:15:00,86.9066,87.0400,86.8700,86.9900,103618
2025-01-03 11:30:00,86.9900,87.2200,86.9900,87.2100,135098
2025-01-03 11:45:00,87.2100,87.3400,87.1400,87.1500,115627
2025-01-03 12:00:00,87.1900,87.3000,87.1500,87.1500,113036
2025-01-03 12:15:00,87.1400,87.2600,87.0700,87.1200,109581
2025-01-03 12:30:00,87.1384,87.2400,87.0700,87.1000,96923
2025-01-03 12:45:00,87.0900,87.2800,87.0500,87.2400,111776
2025-01-03 13:00:00,87.2450,87.3000,87.1900,87.3000,95834
2025-01-03 13:15:00,87.3000,87.4350,87.2875,87.4300,132708
2025-01-03 13:30:00,87.4210,87.4650,87.3300,87.3800,140097
2025-01-03 13:45:00,87.3900,87.5100,87.3800,87.4300,117042
2025-01-03 14:00:00,87.4200,87.5700,87.3900,87.5000,114524
2025-01-03 14:15:00,87.4920,87.5700,87.4300,87.4700,87643
2025-01-03 14:30:00,87.4600,87.6600,87.4600,87.5950,151278
2025-01-03 14:45:00,87.5900,87.6150,87.5100,87.5800,103499
2025-01-03 15:00:00,87.5800,87.6000,87.4500,87.5524,145285
2025-01-03 15:15:00,87.5500,87.6550,87.5450,87.6150,139276
2025-01-03 15:30:00,87.6100,87.6200,87.4646,87.4900,199010
2025-01-03 15:45:00,87.4825,87.7000,87.3450,87.5700,820463
2025-01-03 16:00:00,87.5700,87.6600,87.1000,87.3600,2132851
2025-01-03 16:15:00,87.6000,87.6000,87.3700,87.3800,5575
2025-01-03 16:30:00,87.5700,87.6000,87.3700,87.5008,98841
2025-01-03 16:45:00,87.5000,87.6000,87.5000,87.5500,12666
2025-01-03 17:00:00,87.5400,87.6500,87.5000,87.5200,3959
2025-01-03 17:15:00,87.5500,87.6208,87.5000,87.5100,191
2025-01-03 17:30:00,87.6200,87.6200,87.5000,87.6150,296
2025-01-03 17:45:00,87.6000,87.6100,87.5000,87.6000,227
2025-01-03 18:00:00,87.5500,87.5700,87.5000,87.5001,336
2025-01-03 18:15:00,87.6000,87.6000,87.5000,87.5000,1040
2025-01-03 18:30:00,87.5981,87.6000,87.5000,87.5500,164
2025-01-03 18:45:00,87.5000,87.6000,87.5000,87.5999,1233
2025-01-03 19:00:00,87.5700,87.6000,87.5000,87.5000,289
2025-01-03 19:15:00,87.6000,87.6200,87.5000,87.6100,561
2025-01-03 19:30:00,87.5900,87.6500,87.5500,87.6200,366
2025-01-03 19:45:00,87.5516,87.6550,87.5000,87.5900,239
2025-01-06 04:00:00,88.0000,88.2200,87.7100,87.8200,4244
2025-01-06 04:15:00,87.8200,87.9900,87.8100,87.8200,1552
2025-01-06 04:30:00,87.8800,87.9700,87.8300,87.9600,1234
2025-01-06 04:45:00,87.9600,88.0000,87.8200,87.9600,2557
2025-01-06 05:00:00,87.8400,87.9700,87.8200,87.8300,602
2025-01-06 05:15:00,87.8200,87.8300,87.6900,87.7900,2343
2025-01-06 05:30:00,87.8700,87.9500,87.7300,87.9200,520
2025-01-06 05:45:00,87.8100,87.9000,87.7800,87.8000,210
2025-01-06 06:00:00,87.8000,87.9500,87.7200,87.9500,1528
2025-01-06 06:15:00,87.9500,88.2200,87.9500,88.2200,321
2025-01-06 06:30:00,88.1300,88.3900,88.1300,88.3900,1193
2025-01-06 06:45:00,88.2600,88.3500,88.2300,88.2300,129
2025-01-06 07:00:00,88.1900,88.3500,88.1500,88.3300,6495
2025-01-06 07:15:00,88.3400,88.4100,88.3200,88.4000,1024
2025-01-06 07:30:00,88.3900,88.4100,88.3000,88.3800,810
2025-01-06 07:45:00,88.3900,88.5800,88.3700,88.5400,3828
2025-01-06 08:00:00,87.6000,88.6000,87.3810,88.5900,188109
2025-01-06 08:15:00,88.5450,88.5900,88.4000,88.5000,1061
2025-01-06 08:30:00,88.4300,88.5500,86.8450,88.4400,3646
2025-01-06 08:45:00,88.4307,88.4500,88.3400,88.4000,1597
2025-01-06 09:00:00,88.4300,88.5000,88.2900,88.4200,3529
2025-01-06 09:15:00,88.4100,88.4200,87.6329,88.0100,9373
2025-01-06 09:30:00,88.0200,88.3800,87.7200,88.2172,435570
2025-01-06 09:45:00,88.2300,88.6870,88.2300,88.5800,257993
2025-01-06 10:00:00,88.5700,89.1000,88.5400,88.9750,358664
2025-01-06 10:15:00,88.9900,89.2600,88.9100,89.1800,274048
2025-01-06 10:30:00,89.1850,89.4700,89.0800,89.4500,279812
2025-01-06 10:45:00,89.4400,89.5300,89.2400,89.3299,268167
2025-01-06 11:00:00,89.3400,89.4800,89.2300,89.2910,179905
2025-01-06 11:15:00,89.2850,89.7200,89.2656,89.7200,256989
2025-01-06 11:30:00,89.7100,89.7779,89.6100,89.7650,196738
2025-01-06 11:45:00,89.7688,89.9500,89.6110,89.9300,184502
2025-01-06 12:00:00,89.9300,90.0900,89.8200,89.9650,248204
2025-01-06 12:15:00,89.9700,90.0450,89.7800,89.8450,123726
2025-01-06 12:30:00,89.8300,89.9750,89.7200,89.7740,237031
2025-01-06 12:45:00,89.7600,89.8000,89.5900,89.7800,134995
2025-01-06 13:00:00,89.7700,89.8200,89.5100,89.8162,142055
2025-01-06 13:15:00,89.8000,89.9600,89.7400,89.9500,116701
2025-01-06 13:30:00,89.9290,89.9500,89.6800,89.6800,160595
2025-01-06 13:45:00,89.6850,89.7050,89.5200,89.6100,144695
2025-01-06 14:00:00,89.6200,89.6500,89.3100,89.4900,165218
2025-01-06 14:15:00,89.4800,89.5700,89.4368,89.4550,121913
2025-01-06 14:30:00,89.4400,89.5000,89.3100,89.3901,113407
2025-01-06 14:45:00,89.4100,89.4700,89.2100,89.2100,149597
2025-01-06 15:00:00,89.2000,89.2950,89.0700,89.1000,177508
2025-01-06 15:15:00,89.0800,89.4500,89.0600,89.3800,160151
2025-01-06 15:30:00,89.3700,89.4850,89.3250,89.3600,196103
2025-01-06 15:45:00,89.3700,89.5750,89.1700,89.5300,740030
2025-01-06 16:00:00,89.5300,89.8700,89.5100,89.7400,2468276
2025-01-06 16:15:00,89.5300,89.7400,89.5100,89.6250,2424
2025-01-06 16:30:00,89.6600,89.7400,89.5100,89.6250,533
2025-01-06 16:45:00,89.5100,89.7400,89.5100,89.5105,1723
2025-01-06 17:00:00,89.5102,89.7000,89.5100,89.5200,424
2025-01-06 17:15:00,89.5200,89.7000,89.0000,89.5400,349
2025-01-06 17:30:00,89.7000,89.7000,89.5300,89.5400,8723
2025-01-06 17:45:00,89.5400,89.6200,89.5300,89.5900,248
2025-01-06 18:00:00,89.5300,89.6994,89.3653,89.6957,3130
2025-01-06 18:15:00,89.6600,89.7000,89.5300,89.6900,252
2025-01-06 18:30:00,89.7000,89.7000,89.5300,89.6900,381
2025-01-06 18:45:00,89.5400,89.6900,89.5200,89.5200,335
2025-01-06 19:00:00,89.4252,89.6900,89.0000,89.0000,407
2025-01-06 19:15:00,89.3500,89.6900,89.0100,89.6100,239
2025-01-06 19:30:00,89.6100,89.6600,89.0100,89.5300,192
2025-01-06 19:45:00,89.5304,89.6000,89.3500,89.6000,258
2025-01-07 04:00:00,89.5400,89.6200,89.2500,89.5300,1525
2025-01-07 04:15:00,89.4000,89.5200,89.3700,89.3700,345
2025-01-07 04:30:00,89.4100,89.5200,89.3600,89.5200,732
2025-01-07 04:45:00,89.4400,89.5000,89.4000,89.5000,270
2025-01-07 05:00:00,89.4100,89.4900,89.4100,89.4900,71
2025-01-07 05:15:00,89.4400,89.4800,89.4100,89.4800,1128
2025-01-07 05:30:00,89.4300,89.5200,89.4300,89.5200,522
2025-01-07 05:45:00,89.5200,89.5400,89.4500,89.4500,1181
2025-01-07 06:00:00,89.5200,89.5400,89.4500,89.4500,162
2025-01-07 06:15:00,89.4600,89.5300,89.4500,89.5000,462
2025-01-07 06:30:00,89.5300,89.5500,89.4900,89.5100,404
2025-01-07 06:45:00,89.5100,89.5500,89.5100,89.5100,133
2025-01-07 07:00:00,89.5000,89.6400,89.5000,89.5700,4709
2025-01-07 07:15:00,89.5700,89.6100,89.5500,89.6100,1282
2025-01-07 07:30:00,89.5900,89.5900,89.5500,89.5500,225
2025-01-07 07:45:00,89.5500,89.5900,89.5400,89.5400,335
2025-01-07 08:00:00,89.5300,89.6800,89.2500,89.5700,6511
2025-01-07 08:15:00,89.7200,89.7900,89.5500,89.6300,1481
2025-01-07 08:30:00,89.6900,89.7200,89.5600,89.6400,620
2025-01-07 08:45:00,89.6300,89.8600,89.6300,89.7100,703
2025-01-07 09:00:00,89.8150,89.8600,89.7600,89.8300,1395
2025-01-07 09:15:00,89.8600,89.8600,88.0100,89.5500,4911
2025-01-07 09:30:00,89.5300,89.9700,89.1100,89.2276,377004
2025-01-07 09:45:00,89.2200,89.5506,89.0450,89.2400,220451
2025-01-07 10:00:00,89.2400,89.2800,88.1200,88.1750,322365
2025-01-07 10:15:00,88.1950,88.8900,87.9700,88.6800,193537
2025-01-07 10:30:00,88.6700,88.7250,88.1850,88.2950,207767
2025-01-07 10:45:00,88.3000,88.7700,88.0500,88.7450,156010
2025-01-07 11:00:00,88.7650,89.0300,88.7000,88.8436,169147
2025-01-07 11:15:00,88.8250,88.9100,88.6600,88.8174,149540
2025-01-07 11:30:00,88.8100,88.8200,88.4500,88.6894,147366
2025-01-07 11:45:00,88.7000,88.7750,88.2400,88.2800,131444
2025-01-07 12:00:00,88.3000,88.6000,88.3000,88.5800,138499
2025-01-07 12:15:00,88.5700,88.6900,88.4500,88.5100,108192
2025-01-07 12:30:00,88.5100,88.7435,88.4700,88.5390,99086
2025-01-07 12:45:00,88.5300,88.5800,88.3800,88.5700,90942
2025-01-07 13:00:00,88.5700,88.7000,88.5300,88.6200,82220
2025-01-07 13:15:00,88.6150,88.7300,88.5700,88.6900,101049
2025-01-07 13:30:00,88.6800,88.7199,88.4150,88.4650,103920
2025-01-07 13:45:00,88.4900,88.5400,88.3900,88.3900,110562
2025-01-07 14:00:00,88.3700,88.6700,88.3700,88.5400,138022
2025-01-07 14:15:00,88.5400,88.5400,88.3900,88.5200,91822
2025-01-07 14:30:00,88.5100,88.5300,88.2800,88.4400,92362
2025-01-07 14:45:00,88.4500,88.4900,88.3000,88.3500,91319
2025-01-07 15:00:00,88.3300,88.3500,87.9800,88.0000,133388
2025-01-07 15:15:00,88.0100,88.0400,87.7052,87.7900,188677
2025-01-07 15:30:00,87.7800,88.0200,87.6000,87.8100,311233
2025-01-07 15:45:00,87.8100,88.0000,87.7000,87.9800,651951
2025-01-07 16:00:00,87.9700,88.8000,87.8000,88.2500,2325678
2025-01-07 16:15:00,87.9700,88.2500,87.9700,87.9700,34313
2025-01-07 16:30:00,87.9800,88.1000,87.9700,87.9800,86266
2025-01-07 16:45:00,87.9800,88.1000,87.9800,87.9800,255
2025-01-07 17:00:00,87.9900,88.3900,87.9800,88.3900,373
2025-01-07 17:15:00,88.3900,88.7900,87.8688,87.8688,169
2025-01-07 17:30:00,87.8700,88.2700,87.6100,87.9400,609
2025-01-07 17:45:00,87.9000,87.9400,87.6100,87.6100,141
2025-01-07 18:00:00,87.8200,87.9450,87.6513,87.8500,238
2025-01-07 18:15:00,87.8000,88.2400,87.7350,88.2400,314
2025-01-07 18:30:00,87.8500,88.2400,87.8500,87.8600,131
2025-01-07 18:45:00,87.9000,88.3250,87.8500,87.9700,281
2025-01-07 19:00:00,87.8500,88.3700,87.8500,87.9900,200
2025-01-07 19:15:00,88.3700,88.3700,87.9700,88.0000,251
2025-01-07 19:30:00,88.3700,88.3700,88.0000,88.0100,82
2025-01-07 19:45:00,88.1850,88.1850,88.0000,88.0000,241
2025-01-08 04:00:00,88.2000,88.2000,87.8700,88.1000,1487
2025-01-08 04:15:00,87.9900,88.0300,87.8700,87.8700,1319
2025-01-08 04:30:00,87.9500,87.9600,87.9000,87.9200,711
2025-01-08 04:45:00,87.9100,88.0100,87.9100,88.0000,211
2025-01-08 05:00:00,88.0200,88.0200,87.9900,87.9900,38
2025-01-08 05:15:00,88.1300,88.1500,88.0500,88.0800,525
2025-01-08 05:30:00,88.0900,88.1700,88.0700,88.1400,1301
2025-01-08 05:45:00,88.1100,88.1700,88.1100,88.1700,788
2025-01-08 06:00:00,88.1100,88.1700,88.1100,88.1600,70
2025-01-08 06:15:00,88.0900,88.1500,87.9400,87.9900,748
2025-01-08 06:30:00,88.0000,88.0000,87.4000,87.5400,1978
2025-01-08 06:45:00,87.5400,87.6300,87.5000,87.5800,2862
2025-01-08 07:00:00,87.6000,87.6300,87.5400,87.5500,568
2025-01-08 07:15:00,87.5400,87.6000,87.3300,87.4000,7664
2025-01-08 07:30:00,87.4300,87.4300,87.2200,87.3700,1759
2025-01-08 07:45:00,87.3900,87.3900,87.2800,87.3000,568
2025-01-08 08:00:00,87.5400,88.3000,87.2000,87.5400,76997
2025-01-08 08:15:00,87.4850,87.8340,87.4200,87.5100,4729
2025-01-08 08:30:00,87.5100,87.7100,87.5000,87.5800,2275
2025-01-08 08:45:00,87.5800,87.9700,87.5000,87.6000,59169
2025-01-08 09:00:00,87.6000,87.6500,87.5500,87.6300,608
2025-01-08 09:15:00,87.6300,88.0000,87.4700,88.0000,9177
2025-01-08 09:30:00,88.0600,88.2300,87.4712,87.5100,460688
2025-01-08 09:45:00,87.5100,87.5200,86.9700,87.3100,281389
2025-01-08 10:00:00,87.3400,87.9700,87.2600,87.2700,180744
2025-01-08 10:15:00,87.3100,87.3100,86.9800,87.0600,205827
2025-01-08 10:30:00,87.0800,87.4300,87.0400,87.1800,148855
2025-01-08 10:45:00,87.1800,87.7650,87.1700,87.7455,154478
2025-01-08 11:00:00,87.7300,87.7350,87.4175,87.5900,161324
2025-01-08 11:15:00,87.5900,87.8700,87.5200,87.6500,129947
2025-01-08 11:30:00,87.6700,87.9350,87.6700,87.8510,165544
2025-01-08 11:45:00,87.8500,87.8500,87.6500,87.6700,97296
2025-01-08 12:00:00,87.6576,87.7050,87.3000,87.3200,83761
2025-01-08 12:15:00,87.3300,87.3700,86.8550,86.8900,131317
2025-01-08 12:30:00,86.9000,87.0700,86.7900,87.0500,192034
2025-01-08 12:45:00,87.0600,87.2600,86.8600,87.2150,93528
2025-01-08 13:00:00,87.2100,87.5800,87.2000,87.4250,91902
2025-01-08 13:15:00,87.4700,87.9000,87.4550,87.7900,80040
2025-01-08 13:30:00,87.7500,87.7800,87.5400,87.7499,104502
2025-01-08 13:45:00,87.7300,87.7800,87.4200,87.7200,147885
2025-01-08 14:00:00,87.7000,88.0000,87.5500,87.7700,219706
2025-01-08 14:15:00,87.7500,88.2100,87.7500,88.1600,207875
2025-01-08 14:30:00,88.1500,88.1550,87.7679,87.8500,141453
2025-01-08 14:45:00,87.8600,87.9400,87.7400,87.8450,129356
2025-01-08 15:00:00,87.8450,88.0700,87.7000,87.7100,260061
2025-01-08 15:15:00,87.6900,87.9450,87.6800,87.8900,183777
2025-01-08 15:30:00,87.8800,87.9900,87.8100,87.9700,177593
2025-01-08 15:45:00,87.9500,88.0000,87.7700,87.9400,638523
2025-01-08 16:00:00,87.9400,89.8700,87.8600,87.8600,3469820
2025-01-08 16:15:00,87.9400,87.9400,87.7490,87.9300,92488
2025-01-08 16:30:00,87.9300,87.9400,87.8600,87.8600,56258
2025-01-08 16:45:00,87.8950,87.9300,87.8450,87.8500,1816
2025-01-08 17:00:00,87.8500,87.8800,87.8101,87.8800,820
2025-01-08 17:15:00,87.8700,87.9400,83.2891,87.8300,49590
2025-01-08 17:30:00,87.8295,87.9086,87.7500,87.8300,1091
2025-01-08 17:45:00,87.9100,87.9100,87.7500,87.8900,207
2025-01-08 18:00:00,87.8300,87.9100,87.7500,87.7500,65
2025-01-08 18:15:00,87.9000,87.9100,87.7500,87.8800,77
2025-01-08 18:30:00,87.8300,87.9100,87.7500,87.8350,37
2025-01-08 18:45:00,87.8350,87.9100,87.7600,87.8350,465
2025-01-08 19:00:00,87.8350,87.8500,87.7900,87.7900,31
2025-01-08 19:15:00,87.8350,87.9100,87.7600,87.9100,384
2025-01-08 19:30:00,87.9100,87.9400,87.5000,87.8900,1001
2025-01-08 19:45:00,87.5850,87.9000,87.4000,87.8400,231
2025-01-10 04:00:00,87.6500,87.7400,87.1800,87.4300,1108
2025-01-10 04:15:00,87.4300,87.4900,87.3900,87.4900,273
2025-01-10 04:30:00,87.4100,87.5200,87.4100,87.5000,519
2025-01-10 04:45:00,87.5000,87.5200,87.4900,87.4900,426
2025-01-10 05:00:00,87.5300,87.5300,87.4100,87.4400,480
2025-01-10 05:15:00,87.4200,87.4600,87.4200,87.4600,141
2025-01-10 05:30:00,87.5000,87.5500,87.5000,87.5500,523
2025-01-10 05:45:00,87.5500,87.6000,87.5100,87.5600,538
2025-01-10 06:00:00,87.5100,87.6800,87.5000,87.6500,3039
2025-01-10 06:15:00,87.6100,87.6300,87.5900,87.5900,731
2025-01-10 06:30:00,87.5500,87.6400,87.5500,87.6300,540
2025-01-10 06:45:00,87.6100,87.6200,87.5500,87.5600,334
2025-01-10 07:00:00,87.5600,87.5900,87.5000,87.5100,2566
2025-01-10 07:15:00,87.5100,87.6500,87.5100,87.6100,697
2025-01-10 07:30:00,87.6400,87.6800,87.6200,87.6500,671
2025-01-10 07:45:00,87.6300,87.6400,87.6100,87.6400,994
2025-01-10 08:00:00,87.5700,87.9400,86.8700,87.5900,7594
2025-01-10 08:15:00,87.6100,87.6200,87.5000,87.6050,1489
2025-01-10 08:30:00,87.6000,87.6200,86.1600,86.6600,21466
2025-01-10 08:45:00,86.6800,86.9000,86.6000,86.6000,9990
2025-01-10 09:00:00,86.7700,86.7900,86.5500,86.7500,37901
2025-01-10 09:15:00,86.6300,86.8000,86.2700,86.7000,9910
2025-01-10 09:30:00,86.7900,87.0900,85.2000,85.6000,757948
2025-01-10 09:45:00,85.6300,85.7700,84.9300,85.0100,462908
2025-01-10 10:00:00,84.9200,84.9900,84.0500,84.1100,516956
2025-01-10 10:15:00,84.1000,84.7600,84.0500,84.6950,415602
2025-01-10 10:30:00,84.6950,84.8700,84.5500,84.6500,282959
2025-01-10 10:45:00,84.6550,84.9000,84.2150,84.2150,325587
2025-01-10 11:00:00,84.2200,84.2800,83.8300,83.9500,371077
2025-01-10 11:15:00,83.9475,84.1400,83.8500,83.8800,263796
2025-01-10 11:30:00,83.8800,83.9300,83.5600,83.6100,392680
2025-01-10 11:45:00,83.5950,83.6200,82.7200,82.7500,662226
2025-01-10 12:00:00,82.7500,82.9300,82.2400,82.8250,705235
2025-01-10 12:15:00,82.8300,82.8900,82.4400,82.7700,427881
2025-01-10 12:30:00,82.7700,83.1699,82.6400,83.1200,300134
2025-01-10 12:45:00,83.1250,83.2700,83.0076,83.2400,310394
2025-01-10 13:00:00,83.2350,83.6500,83.0900,83.5516,320749
2025-01-10 13:15:00,83.5410,83.7399,83.2900,83.6100,200289
2025-01-10 13:30:00,83.6200,83.7200,83.4800,83.6149,172969
2025-01-10 13:45:00,83.6150,83.7900,83.5600,83.6850,201308
2025-01-10 14:00:00,83.6710,83.7100,83.2600,83.4000,182627
2025-01-10 14:15:00,83.4000,83.4950,83.2800,83.4400,138604
2025-01-10 14:30:00,83.4406,83.5800,83.3300,83.5200,210983
2025-01-10 14:45:00,83.5200,83.7600,83.4800,83.7500,162455
2025-01-10 15:00:00,83.7400,83.7600,83.4300,83.4540,221384
2025-01-10 15:15:00,83.4450,83.5900,83.2800,83.5300,384626
2025-01-10 15:30:00,83.5100,83.6800,83.3600,83.4601,365166
2025-01-10 15:45:00,83.4650,83.4700,83.2650,83.3800,827678
2025-01-10 16:00:00,83.3800,83.3800,83.2500,83.3200,2683070
2025-01-10 16:15:00,83.3600,83.3600,83.2600,83.2850,9900
2025-01-10 16:30:00,83.3000,83.4000,83.2600,83.2700,3162
2025-01-10 16:45:00,83.2700,83.3600,83.2600,83.2600,23718
2025-01-10 17:00:00,83.2900,83.3500,83.2600,83.3100,1465
2025-01-10 17:15:00,83.3100,83.3600,83.2600,83.3500,20236
2025-01-10 17:30:00,83.3491,83.3500,83.3000,83.3400,247
2025-01-10 17:45:00,83.3400,83.3400,83.0201,83.1800,5948
2025-01-10 18:00:00,83.2500,83.3600,83.2500,83.2501,5374
2025-01-10 18:15:00,83.3400,83.3400,83.2500,83.2500,127
2025-01-10 18:30:00,83.2600,83.3000,83.2500,83.3000,157
2025-01-10 18:45:00,83.3200,83.3400,83.2500,83.2600,357
2025-01-10 19:00:00,83.2600,83.3000,83.2500,83.2500,451
2025-01-10 19:15:00,83.2500,83.3600,83.2500,83.3600,3350
2025-01-10 19:30:00,83.3400,83.3600,83.3100,83.3500,234
2025-01-10 19:45:00,83.3100,83.3600,83.2500,83.3050,677
2025-01-13 04:00:00,82.6300,82.8600,82.0400,82.1400,4000
2025-01-13 04:15:00,82.1000,82.2800,82.0800,82.2300,1704
2025-01-13 04:30:00,82.2000,82.2500,82.1900,82.2000,927
2025-01-13 04:45:00,82.2000,82.2300,82.1300,82.1300,2405
2025-01-13 05:00:00,82.1400,82.1400,82.0500,82.1400,992
2025-01-13 05:15:00,82.1300,82.1700,82.0800,82.1100,848
2025-01-13 05:30:00,82.1100,82.1900,82.0000,82.0300,6981
2025-01-13 05:45:00,82.0300,82.1300,81.9200,81.9200,929
2025-01-13 06:00:00,81.8800,82.0600,81.8800,82.0400,956
2025-01-13 06:15:00,82.0400,82.0600,81.9000,82.0200,1861
2025-01-13 06:30:00,82.0200,82.0200,81.9200,82.0200,161
2025-01-13 06:45:00,81.9200,82.0700,81.9200,81.9900,789
2025-01-13 07:00:00,82.0600,82.1400,81.9400,81.9500,4917
2025-01-13 07:15:00,81.9500,82.1900,81.9300,82.1700,3159
2025-01-13 07:30:00,82.1700,82.1800,82.0400,82.1700,5532
2025-01-13 07:45:00,82.1700,82.2000,82.1100,82.2000,5056
2025-01-13 08:00:00,82.0750,82.8500,81.9000,82.2600,23033
2025-01-13 08:15:00,82.2500,82.2700,82.1000,82.2000,2010
2025-01-13 08:30:00,82.1500,82.3900,82.1000,82.3500,8046
2025-01-13 08:45:00,82.4000,82.4700,82.3000,82.3000,4204
2025-01-13 09:00:00,82.3001,82.4000,82.2000,82.2100,5539
2025-01-13 09:15:00,82.2200,87.9350,81.7000,82.1900,11336
2025-01-13 09:30:00,82.1900,82.5700,81.7900,82.4000,875923
2025-01-13 09:45:00,82.3700,83.0400,82.2300,82.8158,307250
2025-01-13 10:00:00,82.7900,83.2500,82.6200,82.7800,250610
2025-01-13 10:15:00,82.7900,83.0600,82.5800,82.5900,228250
2025-01-13 10:30:00,82.5800,83.3600,82.5300,83.3100,297025
2025-01-13 10:45:00,83.3116,83.4300,83.0800,83.1900,196013
2025-01-13 11:00:00,83.1900,83.3700,83.0300,83.0510,175852
2025-01-13 11:15:00,83.0500,83.1650,82.9050,82.9500,156676
2025-01-13 11:30:00,82.9450,83.2400,82.9400,83.2100,209806
2025-01-13 11:45:00,83.1850,83.2000,82.6800,82.7400,145818
2025-01-13 12:00:00,82.7300,83.0200,82.5900,83.0200,144908
2025-01-13 12:15:00,83.0200,83.2700,83.0100,83.1200,159521
2025-01-13 12:30:00,83.1200,83.1400,82.8600,82.8800,132751
2025-01-13 12:45:00,82.8800,83.1500,82.8600,83.1400,138568
2025-01-13 13:00:00,83.1500,83.1800,82.9900,83.1200,128063
2025-01-13 13:15:00,83.1250,83.2700,83.0884,83.2500,155613
2025-01-13 13:30:00,83.2600,83.3664,83.1850,83.1950,120169
2025-01-13 13:45:00,83.1800,83.3900,83.1600,83.3300,167331
2025-01-13 14:00:00,83.3200,83.3950,83.2200,83.2850,144599
2025-01-13 14:15:00,83.2900,83.4681,83.1900,83.4475,140846
2025-01-13 14:30:00,83.4300,83.5300,83.2700,83.4900,145668
2025-01-13 14:45:00,83.4700,83.4900,83.3500,83.4500,141820
2025-01-13 15:00:00,83.4400,83.5750,83.3500,83.5400,155050
2025-01-13 15:15:00,83.5300,83.6490,83.5100,83.5900,209769
2025-01-13 15:30:00,83.5950,83.7200,83.5200,83.6400,246349
2025-01-13 15:45:00,83.6500,84.1200,83.6500,83.9900,868798
2025-01-13 16:00:00,83.9900,84.6500,83.9900,84.2000,2152017
2025-01-13 16:15:00,83.9900,84.4100,83.9900,84.2200,978
2025-01-13 16:30:00,84.0700,84.4000,83.9900,84.4000,27307
2025-01-13 16:45:00,83.9900,84.4000,83.9900,83.9900,35412
2025-01-13 17:00:00,84.1200,84.1900,84.1000,84.1450,1454
2025-01-13 17:15:00,84.1400,84.1989,84.1200,84.1600,661
2025-01-13 17:30:00,84.1200,84.2000,84.1200,84.1200,2021
2025-01-13 17:45:00,84.1200,84.1800,84.1200,84.1600,216
2025-01-13 18:00:00,84.1600,84.3100,84.1200,84.1800,687
2025-01-13 18:15:00,84.3100,84.4000,84.1200,84.2800,1078
2025-01-13 18:30:00,84.2800,84.4000,84.1500,84.1500,1629
2025-01-13 18:45:00,84.3700,84.4000,84.1500,84.4000,1660
2025-01-13 19:00:00,84.1700,84.4000,84.1600,84.3000,126
2025-01-13 19:15:00,84.3400,84.4000,84.3000,84.3400,200
2025-01-13 19:30:00,84.3400,84.4000,84.1500,84.3000,310
2025-01-13 19:45:00,84.1700,84.4000,84.1600,84.4000,1412
2025-01-14 04:00:00,84.2500,84.6500,84.2500,84.4900,3720
2025-01-14 04:15:00,84.5900,84.5900,84.5100,84.5100,584
2025-01-14 04:30:00,84.5100,84.6000,84.4600,84.4800,463
2025-01-14 04:45:00,84.4800,84.5200,84.4300,84.4800,479
2025-01-14 05:00:00,84.4800,84.4800,84.3800,84.4400,231
2025-01-14 05:15:00,84.4400,84.5000,84.4300,84.4400,269
2025-01-14 05:30:00,84.5000,84.5000,84.4300,84.4300,162
2025-01-14 05:45:00,84.4400,84.4500,84.4300,84.4300,132
2025-01-14 06:00:00,84.4200,84.4200,84.3500,84.4100,235
2025-01-14 06:15:00,84.3800,84.3900,84.3200,84.3900,572
2025-01-14 06:30:00,84.3200,84.3700,84.3200,84.3700,129
2025-01-14 06:45:00,84.3300,84.3700,84.3200,84.3200,152
2025-01-14 07:00:00,84.3600,84.4000,84.3200,84.3700,1798
2025-01-14 07:15:00,84.3300,84.3800,84.3000,84.3200,2103
2025-01-14 07:30:00,84.3200,84.3300,84.3000,84.3300,204
2025-01-14 07:45:00,84.3500,84.4100,84.3500,84.4100,373
2025-01-14 08:00:00,84.5900,84.9000,83.9900,84.3900,7909
2025-01-14 08:15:00,84.2500,84.4100,84.1200,84.1300,977
2025-01-14 08:30:00,84.3900,84.9000,84.3900,84.6500,4395
2025-01-14 08:45:00,84.6500,84.6500,84.2900,84.4300,3818
2025-01-14 09:00:00,84.3900,84.6400,84.3300,84.5400,427
2025-01-14 09:15:00,84.5400,85.4300,84.4000,85.1400,7214
2025-01-14 09:30:00,85.2900,85.8000,84.7500,85.7000,628701
2025-01-14 09:45:00,85.7200,86.0300,85.5400,85.9050,516072
2025-01-14 10:00:00,85.9050,86.8100,85.6200,86.6050,629982
2025-01-14 10:15:00,86.6200,86.7700,86.4400,86.5000,320178
2025-01-14 10:30:00,86.4850,86.7500,86.3400,86.7400,217060
2025-01-14 10:45:00,86.7400,86.9500,86.5700,86.7500,308435
2025-01-14 11:00:00,86.7600,86.7700,86.2400,86.3600,204449
2025-01-14 11:15:00,86.3780,86.7004,86.3600,86.4800,177316
2025-01-14 11:30:00,86.4700,86.8600,86.4500,86.6250,207961
2025-01-14 11:45:00,86.6500,86.7600,86.4200,86.4200,181986
2025-01-14 12:00:00,86.4100,86.5600,86.2488,86.4300,146889
2025-01-14 12:15:00,86.4300,86.6200,86.2800,86.4900,899198
2025-01-14 12:30:00,86.4800,86.8500,86.4700,86.8000,216413
2025-01-14 12:45:00,86.8050,86.8800,86.6700,86.7000,136988
2025-01-14 13:00:00,86.7000,86.7900,86.6530,86.7400,111100
2025-01-14 13:15:00,86.7300,86.9500,86.6700,86.8900,196501
2025-01-14 13:30:00,86.8900,87.2100,86.8050,87.1973,152506
2025-01-14 13:45:00,87.1800,87.2856,87.1600,87.2400,162028
2025-01-14 14:00:00,87.2300,87.2366,86.9700,87.1400,154603
2025-01-14 14:15:00,87.1300,87.4000,87.1000,87.1000,151653
2025-01-14 14:30:00,87.1100,87.2900,87.0700,87.2535,154408
2025-01-14 14:45:00,87.2500,87.2600,86.6900,86.7300,145760
2025-01-14 15:00:00,86.7300,86.7850,86.2501,86.5000,230632
2025-01-14 15:15:00,86.5000,86.8900,86.4900,86.8600,201976
2025-01-14 15:30:00,86.8700,86.9350,86.6500,86.8900,331332
2025-01-14 15:45:00,86.8850,87.2100,86.7600,87.1890,902419
2025-01-14 16:00:00,87.2000,87.5000,86.9800,87.4107,2055906
2025-01-14 16:15:00,87.1800,87.6000,87.1800,87.4100,10899
2025-01-14 16:30:00,87.4700,87.5699,87.1800,87.4100,1900
2025-01-14 16:45:00,87.4118,93.5530,82.2545,82.2545,4148
2025-01-14 17:00:00,87.4203,87.5500,87.1800,87.4100,20357
2025-01-14 17:15:00,87.4700,87.5000,87.2100,87.4400,707
2025-01-14 17:30:00,87.5900,87.5900,87.2100,87.3300,330
2025-01-14 17:45:00,87.2100,87.4500,87.2100,87.3900,323
2025-01-14 18:00:00,87.4300,87.4500,87.3300,87.4300,886
2025-01-14 18:15:00,87.3850,87.4500,87.3300,87.3400,338
2025-01-14 18:30:00,87.3200,87.4500,87.2100,87.2200,982
2025-01-14 18:45:00,87.2200,87.4500,87.2062,87.2100,189
2025-01-14 19:00:00,87.4343,87.4400,87.2100,87.2500,130
2025-01-14 19:15:00,87.2550,87.3000,87.2100,87.2200,534
2025-01-14 19:30:00,87.2100,87.2550,87.2100,87.2500,143
2025-01-14 19:45:00,87.2500,87.3800,87.2100,87.3800,1454
2025-01-15 04:00:00,87.3900,87.3900,87.0000,87.1700,1116
2025-01-15 04:15:00,87.1900,87.2400,87.1800,87.2000,654
2025-01-15 04:30:00,87.2400,87.2800,87.1900,87.2800,989
2025-01-15 04:45:00,87.3300,87.3300,87.2800,87.2800,2
2025-01-15 05:00:00,87.2300,87.2500,87.2300,87.2500,229
2025-01-15 05:15:00,87.2100,87.2200,87.1300,87.1700,699
2025-01-15 05:30:00,87.1700,87.2500,87.1700,87.2500,1294
2025-01-15 05:45:00,87.2400,87.2400,87.2200,87.2200,14
2025-01-15 06:00:00,87.2200,87.2500,87.2100,87.2100,440
2025-01-15 06:15:00,87.2100,87.2300,87.2100,87.2300,22
2025-01-15 06:30:00,87.2400,87.2700,87.2300,87.2700,156
2025-01-15 06:45:00,87.2700,87.4800,87.2500,87.4800,2648
2025-01-15 07:00:00,87.4800,87.5800,87.4800,87.5400,3279
2025-01-15 07:15:00,87.5000,87.6200,87.4000,87.4100,771
2025-01-15 07:30:00,87.4100,87.5100,87.4100,87.5100,1256
2025-01-15 07:45:00,87.5100,87.5500,87.4800,87.5200,2585
2025-01-15 08:00:00,87.1517,87.6400,87.0900,87.5000,2955
2025-01-15 08:15:00,87.4975,87.5000,87.3500,87.3700,3771
2025-01-15 08:30:00,87.4600,89.1000,87.4000,88.9000,66551
2025-01-15 08:45:00,88.9000,89.3600,88.8000,88.8900,15218
2025-01-15 09:00:00,88.9600,89.1100,88.8700,89.0000,4186
2025-01-15 09:15:00,89.0010,89.0500,88.2500,88.7100,19581
2025-01-15 09:30:00,88.7200,89.3900,88.4700,89.0800,742608
2025-01-15 09:45:00,89.0750,89.5790,88.9200,89.3100,318186
2025-01-15 10:00:00,89.2950,89.7800,89.1100,89.7150,506265
2025-01-15 10:15:00,89.7200,90.0100,89.6600,89.8462,419362
2025-01-15 10:30:00,89.8000,90.0800,89.7335,89.8700,310239
2025-01-15 10:45:00,89.8900,89.9800,89.7250,89.7800,252037
2025-01-15 11:00:00,89.7900,90.1900,89.7900,90.0710,317774
2025-01-15 11:15:00,90.0800,90.0900,89.8000,89.9900,228772
2025-01-15 11:30:00,89.9900,89.9900,89.6700,89.6700,324059
2025-01-15 11:45:00,89.6800,89.7500,89.4000,89.4300,182422
2025-01-15 12:00:00,89.4200,89.8900,89.4100,89.7300,546785
2025-01-15 12:15:00,89.7300,90.0050,89.6500,89.7100,334672
2025-01-15 12:30:00,89.7400,89.9100,89.6800,89.8800,254473
2025-01-15 12:45:00,89.8899,89.9100,89.7400,89.7900,155102
2025-01-15 13:00:00,89.8000,90.0430,89.8000,89.9550,179581
2025-01-15 13:15:00,89.9500,90.1300,89.9350,90.1200,191106
2025-01-15 13:30:00,90.1300,90.1900,90.0223,90.1050,192458
2025-01-15 13:45:00,90.1100,90.1800,90.0100,90.1200,170056
2025-01-15 14:00:00,90.1200,90.1799,89.9800,90.0172,177961
2025-01-15 14:15:00,90.0100,90.0200,89.9100,89.9650,195448
2025-01-15 14:30:00,89.9650,90.0150,89.8000,89.8000,160078
2025-01-15 14:45:00,89.7950,89.9250,89.7800,89.8543,152041
2025-01-15 15:00:00,89.8500,90.1700,89.8450,90.1500,334129
2025-01-15 15:15:00,90.1400,90.1600,90.0100,90.0800,207928
2025-01-15 15:30:00,90.0700,90.1100,89.6800,89.7000,283696
2025-01-15 15:45:00,89.7080,89.8400,89.4700,89.6000,1106520
2025-01-15 16:00:00,89.6400,90.0000,89.4000,89.7000,2804765
2025-01-15 16:15:00,89.6400,89.9000,89.6400,89.8700,9369
2025-01-15 16:30:00,89.6600,89.9000,89.5550,89.7400,16862
2025-01-15 16:45:00,89.7400,90.2000,89.5000,89.8600,6807
2025-01-15 17:00:00,89.8200,90.0500,89.5000,90.0400,20906
2025-01-15 17:15:00,89.8450,90.0400,89.6400,90.0400,12077
2025-01-15 17:30:00,89.9950,90.0000,89.6500,89.6500,1244
2025-01-15 17:45:00,89.8450,90.0400,89.6400,89.8000,324
2025-01-15 18:00:00,89.8000,89.9918,89.6700,89.6700,624
2025-01-15 18:15:00,89.8350,90.0000,89.6700,89.7600,323
2025-01-15 18:30:00,89.7600,89.9500,89.6700,89.9000,476
2025-01-15 18:45:00,89.8800,89.9500,89.8000,89.9494,542
2025-01-15 19:00:00,89.8500,90.0400,89.8500,89.9950,516
2025-01-15 19:15:00,90.0000,90.0400,89.9500,90.0100,359
2025-01-15 19:30:00,90.0250,90.0500,89.9500,90.0100,322
2025-01-15 19:45:00,90.0200,90.0500,89.9500,89.9600,937
2025-01-16 04:00:00,90.0000,90.0000,89.6400,89.7300,1237
2025-01-16 04:15:00,89.7300,89.8100,89.7300,89.7400,1372
2025-01-16 04:30:00,89.7500,89.7700,89.7300,89.7500,154
2025-01-16 04:45:00,89.7300,89.7500,89.7300,89.7400,287
2025-01-16 05:00:00,89.7400,89.7600,89.7000,89.7300,1714
2025-01-16 05:15:00,89.7200,89.8500,89.7200,89.8500,576
2025-01-16 05:30:00,89.9100,89.9900,89.8300,89.8300,426
2025-01-16 05:45:00,89.9300,89.9500,89.8900,89.8900,168
2025-01-16 06:00:00,89.8900,89.9200,89.8700,89.8700,452
2025-01-16 06:15:00,89.8700,89.9100,89.8700,89.9000,238
2025-01-16 06:30:00,89.9000,89.9900,89.9000,89.9000,295
2025-01-16 06:45:00,89.9600,90.0000,89.9000,89.9700,787
2025-01-16 07:00:00,89.9500,90.1200,89.9500,90.1000,4755
2025-01-16 07:15:00,90.0900,90.1800,90.0900,90.1500,1705
2025-01-16 07:30:00,90.1100,90.1100,90.0500,90.0500,783
2025-01-16 07:45:00,90.0500,90.0600,89.7800,89.8200,1487
2025-01-16 08:00:00,89.7400,90.2100,89.6000,89.8300,6785
2025-01-16 08:15:00,89.7716,89.8773,89.7715,89.7900,649
2025-01-16 08:30:00,89.7900,89.8440,89.6800,89.7400,1770
2025-01-16 08:45:00,89.8000,89.8300,89.6500,89.7400,833
2025-01-16 09:00:00,89.7300,89.7500,89.6500,89.6600,4185
2025-01-16 09:15:00,89.7100,89.8500,89.6500,89.7800,6730
2025-01-16 09:30:00,89.9600,90.3730,89.7400,90.0700,450210
2025-01-16 09:45:00,90.0800,90.2900,89.9100,90.0200,270295
2025-01-16 10:00:00,90.0300,90.0500,89.5950,89.6260,211127
2025-01-16 10:15:00,89.6100,89.8900,89.5700,89.7034,171215
2025-01-16 10:30:00,89.7000,89.9100,89.5900,89.8000,130169
2025-01-16 10:45:00,89.8200,90.2100,89.7100,90.1991,183640
2025-01-16 11:00:00,90.1900,90.3300,90.0600,90.0600,152745
2025-01-16 11:15:00,90.0750,90.2200,89.8563,90.2000,142481
2025-01-16 11:30:00,90.1850,90.3299,89.9574,90.0509,121836
2025-01-16 11:45:00,90.0500,90.1450,90.0000,90.1050,109867
2025-01-16 12:00:00,90.1000,90.1500,90.0400,90.0600,97991
2025-01-16 12:15:00,90.0500,90.0500,89.8200,89.9700,103937
2025-01-16 12:30:00,89.9600,89.9900,89.7900,89.8000,107396
2025-01-16 12:45:00,89.8000,89.9200,89.7700,89.8500,76213
2025-01-16 13:00:00,89.8500,89.9900,89.8000,89.8300,135178
2025-01-16 13:15:00,89.8300,89.8600,89.6200,89.6500,132345
2025-01-16 13:30:00,89.6254,89.6500,89.3200,89.3200,117227
2025-01-16 13:45:00,89.3450,89.3547,89.1400,89.2500,132657
2025-01-16 14:00:00,89.2500,89.4300,89.1900,89.3700,107979
2025-01-16 14:15:00,89.3700,89.4600,89.2500,89.3800,111269
2025-01-16 14:30:00,89.3700,89.4196,89.3000,89.3400,82193
2025-01-16 14:45:00,89.3400,89.4350,89.2550,89.3650,97679
2025-01-16 15:00:00,89.3700,89.5200,89.3700,89.3800,137176
2025-01-16 15:15:00,89.3800,89.4300,89.3100,89.3400,121305
2025-01-16 15:30:00,89.3474,89.4650,89.3300,89.4300,198056
2025-01-16 15:45:00,89.4300,89.4400,88.8500,88.9200,895803
2025-01-16 16:00:00,88.9200,89.4700,88.7000,88.8402,1924883
2025-01-16 16:15:00,88.9200,89.1400,88.7500,88.9173,1751
2025-01-16 16:30:00,88.8800,89.1500,88.8100,88.9600,34462
2025-01-16 16:45:00,89.1000,89.4600,88.8100,89.4467,41139
2025-01-16 17:00:00,89.4600,89.4600,88.8100,89.1750,1284
2025-01-16 17:15:00,89.4300,89.4300,88.8600,89.3680,186
2025-01-16 17:30:00,88.8600,89.4200,88.8100,89.1000,646
2025-01-16 17:45:00,89.0000,89.4200,88.9800,89.0000,228
2025-01-16 18:00:00,88.8147,89.2500,88.8147,89.2300,3841
2025-01-16 18:15:00,89.2000,89.4200,89.0001,89.1000,1520
2025-01-16 18:30:00,89.1950,89.2000,89.0000,89.1000,338
2025-01-16 18:45:00,89.0600,89.2000,89.0000,89.2000,159
2025-01-16 19:00:00,89.2000,89.2100,89.1200,89.2000,784
2025-01-16 19:15:00,89.3300,89.4200,89.2100,89.2100,334
2025-01-16 19:30:00,89.2000,89.4200,89.2000,89.2000,72
2025-01-16 19:45:00,89.4000,89.4000,89.1400,89.1900,1120
2025-01-17 04:00:00,89.0000,89.6000,89.0000,89.6000,1418
2025-01-17 04:15:00,89.5200,89.5400,89.3900,89.4400,676
2025-01-17 04:30:00,89.5000,89.5000,89.3600,89.4300,287
2025-01-17 04:45:00,89.4300,89.4800,89.4100,89.4300,631
2025-01-17 05:00:00,89.4300,89.5800,89.4300,89.5800,2374
2025-01-17 05:15:00,89.5900,89.5900,89.4500,89.4800,142
2025-01-17 05:30:00,89.4800,89.5600,89.4700,89.4700,464
2025-01-17 05:45:00,89.5400,89.5400,89.4700,89.5100,81
2025-01-17 06:00:00,89.5200,89.5500,89.4900,89.5500,34
2025-01-17 06:15:00,89.5600,89.5800,89.5500,89.5800,409
2025-01-17 06:30:00,89.5700,89.5800,89.5600,89.5800,431
2025-01-17 06:45:00,89.5500,89.5600,89.4300,89.4400,389
2025-01-17 07:00:00,89.4400,89.5300,89.4300,89.5300,797
2025-01-17 07:15:00,89.5000,89.5800,89.4600,89.4800,688
2025-01-17 07:30:00,89.5300,89.5500,89.4700,89.5500,1136
2025-01-17 07:45:00,89.5500,89.7200,89.5400,89.7100,2725
2025-01-17 08:00:00,89.5400,89.9000,88.9200,89.8500,4331
2025-01-17 08:15:00,89.8800,90.0000,89.7405,89.9800,4903
2025-01-17 08:30:00,89.9800,90.1000,89.8500,90.1000,4184
2025-01-17 08:45:00,90.1100,90.2000,89.8600,90.2000,30633
2025-01-17 09:00:00,90.1900,90.6400,89.3850,90.6400,8948
2025-01-17 09:15:00,90.5400,91.1100,90.4000,90.8200,33092
2025-01-17 09:30:00,90.7600,91.0000,90.0050,90.2850,2797316
2025-01-17 09:45:00,90.2850,91.2800,90.2850,91.0300,712617
2025-01-17 10:00:00,91.0550,91.3800,90.8400,91.1300,401923
2025-01-17 10:15:00,91.1900,91.4000,91.0150,91.3915,320170
2025-01-17 10:30:00,91.3850,91.6200,91.3700,91.4500,467650
2025-01-17 10:45:00,91.4600,91.8800,91.3100,91.8500,337911
2025-01-17 11:00:00,91.8550,91.8900,91.6200,91.7700,437027
2025-01-17 11:15:00,91.7700,92.5200,91.7700,92.4601,513326
2025-01-17 11:30:00,92.4700,93.1000,92.3200,92.9800,842112
2025-01-17 11:45:00,92.9700,93.0100,92.6231,92.7400,353752
2025-01-17 12:00:00,92.7200,92.9200,92.6400,92.8250,483626
2025-01-17 12:15:00,92.8250,92.8775,92.6600,92.8500,261200
2025-01-17 12:30:00,92.8400,93.0800,92.7800,92.8938,283231
2025-01-17 12:45:00,92.9000,93.1500,92.8900,93.0809,308480
2025-01-17 13:00:00,93.0702,93.2395,92.9700,93.2099,239066
2025-01-17 13:15:00,93.2000,93.2450,92.6701,92.6900,307868
2025-01-17 13:30:00,92.6900,92.6900,92.2600,92.3299,457507
2025-01-17 13:45:00,92.3250,92.4900,92.2000,92.3800,391651
2025-01-17 14:00:00,92.3800,92.5500,92.2000,92.4000,368842
2025-01-17 14:15:00,92.3900,92.4899,92.2850,92.4305,319298
2025-01-17 14:30:00,92.4300,92.4300,92.2200,92.2500,309792
2025-01-17 14:45:00,92.2681,92.4000,92.0800,92.1200,324421
2025-01-17 15:00:00,92.1200,92.1900,91.9000,91.9500,298686
2025-01-17 15:15:00,91.9427,91.9900,91.7900,91.8300,369341
2025-01-17 15:30:00,91.8400,91.8500,91.5100,91.5100,482012
2025-01-17 15:45:00,91.5100,92.0900,91.4700,91.8000,1411137
2025-01-17 16:00:00,91.8000,92.4000,87.8650,91.8000,4516667
2025-01-17 16:15:00,91.8100,91.8700,91.4500,91.7600,56058
2025-01-17 16:30:00,91.8000,91.8562,91.4500,91.7400,86342
2025-01-17 16:45:00,91.7800,91.8100,91.4800,91.6150,327
2025-01-17 17:00:00,91.6000,91.7300,91.5100,91.5100,343
2025-01-17 17:15:00,91.6200,91.7800,91.5200,91.5200,742
2025-01-17 17:30:00,91.5200,91.8000,91.5200,91.5200,272
2025-01-17 17:45:00,91.6700,91.8000,91.5300,91.6650,204
2025-01-17 18:00:00,91.6600,91.8000,91.6500,91.7900,714
2025-01-17 18:15:00,91.7990,91.8000,91.6537,91.7500,351
2025-01-17 18:30:00,91.7800,91.7800,91.6537,91.6600,173
2025-01-17 18:45:00,91.7500,91.8000,91.6700,91.7300,981
2025-01-17 19:00:00,91.7350,92.0500,91.6700,92.0500,791
2025-01-17 19:15:00,91.8100,92.0500,91.6700,91.9700,27321
2025-01-17 19:30:00,91.8350,92.0000,91.6700,91.8350,524
2025-01-17 19:45:00,91.8350,92.0000,91.6700,91.8600,283
2025-01-21 04:00:00,91.8100,92.7800,91.8100,92.3400,2854
2025-01-21 04:15:00,92.3400,92.4500,92.2100,92.4200,4631
2025-01-21 04:30:00,92.4300,92.6300,92.4000,92.6000,2046
2025-01-21 04:45:00,92.5500,92.7100,92.5500,92.6600,1730
2025-01-21 05:00:00,92.6800,92.7700,92.6700,92.7500,915
2025-01-21 05:15:00,92.7500,92.7700,92.6700,92.7300,1422
2025-01-21 05:30:00,92.7500,92.7500,92.6400,92.6400,1836
2025-01-21 05:45:00,92.6400,92.6700,92.5700,92.6000,276
2025-01-21 06:00:00,92.5800,92.6500,92.5600,92.6500,225
2025-01-21 06:15:00,92.5800,92.5900,92.5300,92.5800,870
2025-01-21 06:30:00,92.5700,92.6300,92.5300,92.6300,519
2025-01-21 06:45:00,92.6200,92.6500,92.6000,92.6300,221
2025-01-21 07:00:00,92.6200,92.6200,92.4500,92.5600,4405
2025-01-21 07:15:00,92.5300,92.6500,92.5100,92.5100,3136
2025-01-21 07:30:00,92.5200,92.6100,92.5100,92.6100,1657
2025-01-21 07:45:00,92.6100,92.6100,92.5100,92.5900,1860
2025-01-21 08:00:00,92.6100,93.2000,92.2000,92.3900,10499
2025-01-21 08:15:00,92.4900,92.5000,92.3000,92.3541,3821
2025-01-21 08:30:00,92.3800,92.4900,92.3000,92.4200,2950
2025-01-21 08:45:00,92.4800,92.5000,92.3000,92.4500,1948
2025-01-21 09:00:00,92.4300,92.6700,91.8100,92.5300,8802
2025-01-21 09:15:00,92.5600,92.7000,91.8900,91.9400,11571
2025-01-21 09:30:00,92.2100,92.2100,90.6000,90.9100,868721
2025-01-21 09:45:00,90.9400,91.4800,90.9200,91.4400,354602
2025-01-21 10:00:00,91.4450,91.4500,90.1400,90.2300,760711
2025-01-21 10:15:00,90.2450,90.6500,90.1450,90.2650,475254
2025-01-21 10:30:00,90.2550,90.4700,89.9230,90.3850,698707
2025-01-21 10:45:00,90.3850,90.3900,89.5650,89.9630,420436
2025-01-21 11:00:00,89.9700,90.1700,89.7200,90.1097,323387
2025-01-21 11:15:00,90.1100,90.1600,89.9304,90.1300,193629
2025-01-21 11:30:00,90.1300,90.2100,89.6310,89.6700,245144
2025-01-21 11:45:00,89.6700,89.9302,89.6601,89.8700,185418
2025-01-21 12:00:00,89.8700,89.8700,89.3900,89.7480,348670
2025-01-21 12:15:00,89.7600,89.9700,89.6410,89.9300,252453
2025-01-21 12:30:00,89.9400,90.0000,89.7526,89.8300,207565
2025-01-21 12:45:00,89.8250,90.0000,89.8050,89.9700,237976
2025-01-21 13:00:00,89.9700,89.9700,89.6800,89.7600,142423
2025-01-21 13:15:00,89.7400,89.8600,89.7300,89.7600,122602
2025-01-21 13:30:00,89.7600,89.8000,89.6701,89.7700,132349
2025-01-21 13:45:00,89.7700,89.9400,89.6600,89.7700,218821
2025-01-21 14:00:00,89.7600,89.7700,89.5700,89.6200,148730
2025-01-21 14:15:00,89.6300,89.7394,89.5350,89.6600,175170
2025-01-21 14:30:00,89.6674,89.6700,89.5000,89.5650,203858
2025-01-21 14:45:00,89.5650,89.6900,89.4400,89.6150,222130
2025-01-21 15:00:00,89.6100,89.6700,89.5500,89.6250,188272
2025-01-21 15:15:00,89.6200,89.7400,89.5400,89.6900,228930
2025-01-21 15:30:00,89.6900,89.9400,89.6000,89.9100,351346
2025-01-21 15:45:00,89.9000,89.9600,89.7100,89.7400,1094853
2025-01-21 16:00:00,89.7700,89.9811,89.5428,89.7500,3896482
2025-01-21 16:15:00,89.7600,89.8900,89.7400,89.8000,8256
2025-01-21 16:30:00,89.7480,89.9000,89.7400,89.7950,7264
2025-01-21 16:45:00,89.7907,89.8200,89.7700,89.7900,2112
2025-01-21 17:00:00,89.7800,89.8200,89.7400,89.7900,46061
2025-01-21 17:15:00,89.7800,89.8200,89.6500,89.6600,1316161
2025-01-21 17:30:00,89.6500,89.9700,89.6500,89.7200,5701
2025-01-21 17:45:00,89.7600,89.8700,89.7100,89.7700,800
2025-01-21 18:00:00,89.7100,89.8700,89.6700,89.7700,4679
2025-01-21 18:15:00,89.7100,89.7700,89.5200,89.5262,2446
2025-01-21 18:30:00,89.7614,89.7700,89.5200,89.7600,1070
2025-01-21 18:45:00,89.7600,89.7700,89.5360,89.6500,1551
2025-01-21 19:00:00,89.7100,89.7700,89.6500,89.7150,1289
2025-01-21 19:15:00,89.7700,89.7700,89.6800,89.6800,1695
2025-01-21 19:30:00,89.7500,89.7700,89.6500,89.6500,1852
2025-01-21 19:45:00,89.6850,89.7600,89.6850,89.7500,1491
2025-01-22 04:00:00,90.1000,90.1000,89.9400,89.9800,696
2025-01-22 04:15:00,90.0900,90.0900,90.0100,90.0100,964
2025-01-22 04:30:00,90.0400,90.0500,89.9700,89.9700,1260
2025-01-22 04:45:00,89.9800,89.9800,89.8600,89.9000,276
2025-01-22 05:00:00,89.8600,89.9700,89.8600,89.8600,340
2025-01-22 05:15:00,89.9800,89.9900,89.9800,89.9900,212
2025-01-22 05:30:00,90.0000,90.0800,89.9900,90.0200,1120
2025-01-22 05:45:00,90.0600,90.1600,90.0300,90.1600,999
2025-01-22 06:00:00,90.1500,90.2200,90.1400,90.2000,1589
2025-01-22 06:15:00,90.1300,90.1900,90.0300,90.1100,495
2025-01-22 06:30:00,90.1100,90.1500,90.0200,90.0300,617
2025-01-22 06:45:00,90.0900,90.0900,90.0100,90.0300,496
2025-01-22 07:00:00,90.0100,90.1200,89.9600,90.1100,1446
2025-01-22 07:15:00,90.1100,90.1500,90.0400,90.0600,535
2025-01-22 07:30:00,90.0600,90.0700,90.0000,90.0400,641
2025-01-22 07:45:00,90.0300,90.0500,90.0000,90.0100,681
2025-01-22 08:00:00,90.0600,90.5000,89.7400,90.0219,9822
2025-01-22 08:15:00,90.0200,90.0700,89.9800,90.0700,3454
2025-01-22 08:30:00,90.0700,90.0700,90.0000,90.0500,752
2025-01-22 08:45:00,90.0300,90.0700,89.7700,90.0400,317217
2025-01-22 09:00:00,90.0600,90.0700,89.9800,90.0000,6599
2025-01-22 09:15:00,89.9900,90.0600,89.7700,89.9900,4145
2025-01-22 09:30:00,90.0000,90.3700,89.1398,89.4600,645285
2025-01-22 09:45:00,89.4500,89.7800,89.4400,89.4950,309672
2025-01-22 10:00:00,89.5200,89.6200,89.2300,89.5000,296444
2025-01-22 10:15:00,89.5400,89.7600,89.4800,89.7450,275353
2025-01-22 10:30:00,89.7300,89.9000,89.4900,89.6350,313956
2025-01-22 10:45:00,89.6600,89.6650,89.2300,89.4381,161688
2025-01-22 11:00:00,89.4295,89.5583,89.2000,89.4500,164448
2025-01-22 11:15:00,89.4800,89.8200,89.3950,89.7900,155525
2025-01-22 11:30:00,89.8400,90.0420,89.8300,89.9198,175141
2025-01-22 11:45:00,89.9000,89.9050,89.7000,89.7344,133711
2025-01-22 12:00:00,89.7400,89.8798,89.6700,89.7500,101025
2025-01-22 12:15:00,89.7450,89.8700,89.7100,89.7900,91176
2025-01-22 12:30:00,89.7850,89.8800,89.7800,89.8100,133988
2025-01-22 12:45:00,89.8000,89.9900,89.7914,89.9710,68912
2025-01-22 13:00:00,89.9700,90.1800,89.9401,90.1700,128725
2025-01-22 13:15:00,90.1663,90.1800,89.9900,90.0790,155059
2025-01-22 13:30:00,90.0800,90.1600,90.0700,90.1236,110873
2025-01-22 13:45:00,90.1200,90.1500,89.9600,89.9750,127938
2025-01-22 14:00:00,89.9800,90.0000,89.8799,89.9550,96028
2025-01-22 14:15:00,89.9500,90.0800,89.9400,89.9700,125906
2025-01-22 14:30:00,89.9700,90.0500,89.9650,90.0000,76004
2025-01-22 14:45:00,90.0000,90.2100,89.9600,90.2100,93603
2025-01-22 15:00:00,90.2200,90.2600,90.1500,90.2450,128280
2025-01-22 15:15:00,90.2400,90.2400,90.0400,90.0500,105175
2025-01-22 15:30:00,90.0600,90.1900,90.0400,90.0800,175738
2025-01-22 15:45:00,90.0800,90.1050,89.8100,89.8100,521355
2025-01-22 16:00:00,89.8100,90.5300,89.7300,89.9700,1876171
2025-01-22 16:15:00,89.8500,89.9700,89.5000,89.6200,12310
2025-01-22 16:30:00,89.9700,90.5300,89.5000,89.8700,18881
2025-01-22 16:45:00,89.8700,90.0900,89.5000,89.5000,45558
2025-01-22 17:00:00,89.7500,95.6327,89.6700,95.6327,807
2025-01-22 17:15:00,89.9300,90.0000,89.8500,89.9250,132
2025-01-22 17:30:00,89.8500,90.0000,89.8500,89.8700,898080
2025-01-22 17:45:00,89.7500,90.0000,89.5000,89.8124,426
2025-01-22 18:00:00,89.7600,90.0000,89.5300,89.8700,50
2025-01-22 18:15:00,89.7650,90.0000,89.5300,89.7650,121
2025-01-22 18:30:00,89.8700,90.0000,89.8400,90.0000,1155
2025-01-22 18:45:00,89.8800,90.0000,89.7500,89.8500,926
2025-01-22 19:00:00,89.8732,90.0000,89.8700,89.9986,29
2025-01-22 19:15:00,90.0000,90.0000,89.8700,89.8732,384
2025-01-22 19:30:00,89.9300,90.0000,85.4300,89.8750,359
2025-01-22 19:45:00,89.9900,90.0000,89.5300,89.8800,1945
