Date,EFFR,Unemployment Rate,UMCSENT
2006-01-02,,4.7,91.2
2006-01-03,4.34,4.7,91.2
2006-01-04,4.22,4.7,91.2
2006-01-05,4.24,4.7,91.2
2006-01-06,4.22,4.7,91.2
2006-01-09,4.25,4.7,91.2
2006-01-10,4.24,4.7,91.2
2006-01-11,4.24,4.7,91.2
2006-01-12,4.28,4.7,91.2
2006-01-13,4.3,4.7,91.2
2006-01-16,,4.7,91.2
2006-01-17,4.32,4.7,91.2
2006-01-18,4.24,4.7,91.2
2006-01-19,4.23,4.7,91.2
2006-01-20,4.24,4.7,91.2
2006-01-23,4.26,4.7,91.2
2006-01-24,4.28,4.7,91.2
2006-01-25,4.36,4.7,91.2
2006-01-26,4.37,4.7,91.2
2006-01-27,4.42,4.7,91.2
2006-01-30,4.48,4.7,91.2
2006-01-31,4.47,4.7,91.2
2006-02-01,4.47,4.8,86.7
2006-02-02,4.48,4.8,86.7
2006-02-03,4.51,4.8,86.7
2006-02-06,4.51,4.8,86.7
2006-02-07,4.47,4.8,86.7
2006-02-08,4.48,4.8,86.7
2006-02-09,4.52,4.8,86.7
2006-02-10,4.51,4.8,86.7
2006-02-13,4.44,4.8,86.7
2006-02-14,4.45,4.8,86.7
2006-02-15,4.5,4.8,86.7
2006-02-16,4.48,4.8,86.7
2006-02-17,4.48,4.8,86.7
2006-02-20,,4.8,86.7
2006-02-21,4.54,4.8,86.7
2006-02-22,4.49,4.8,86.7
2006-02-23,4.47,4.8,86.7
2006-02-24,4.48,4.8,86.7
2006-02-27,4.52,4.8,86.7
2006-02-28,4.52,4.8,86.7
2006-03-01,4.52,4.7,88.9
2006-03-02,4.5,4.7,88.9
2006-03-03,4.51,4.7,88.9
2006-03-06,4.51,4.7,88.9
2006-03-07,4.51,4.7,88.9
2006-03-08,4.51,4.7,88.9
2006-03-09,4.51,4.7,88.9
2006-03-10,4.51,4.7,88.9
2006-03-13,4.52,4.7,88.9
2006-03-14,4.51,4.7,88.9
2006-03-15,4.47,4.7,88.9
2006-03-16,4.55,4.7,88.9
2006-03-17,4.6,4.7,88.9
2006-03-20,4.55,4.7,88.9
2006-03-21,4.54,4.7,88.9
2006-03-22,4.58,4.7,88.9
2006-03-23,4.64,4.7,88.9
2006-03-24,4.69,4.7,88.9
2006-03-27,4.77,4.7,88.9
2006-03-28,4.7,4.7,88.9
2006-03-29,4.69,4.7,88.9
2006-03-30,4.76,4.7,88.9
2006-03-31,5.0,4.7,88.9
2006-04-03,4.87,4.7,87.4
2006-04-04,4.76,4.7,87.4
2006-04-05,4.76,4.7,87.4
2006-04-06,4.76,4.7,87.4
2006-04-07,4.76,4.7,87.4
2006-04-10,4.78,4.7,87.4
2006-04-11,4.74,4.7,87.4
2006-04-12,4.78,4.7,87.4
2006-04-13,4.82,4.7,87.4
2006-04-14,4.8,4.7,87.4
2006-04-17,4.78,4.7,87.4
2006-04-18,4.72,4.7,87.4
2006-04-19,4.7,4.7,87.4
2006-04-20,4.73,4.7,87.4
2006-04-21,4.74,4.7,87.4
2006-04-24,4.77,4.7,87.4
2006-04-25,4.74,4.7,87.4
2006-04-26,4.73,4.7,87.4
2006-04-27,4.79,4.7,87.4
2006-04-28,4.86,4.7,87.4
2006-05-01,4.84,4.6,79.1
2006-05-02,4.79,4.6,79.1
2006-05-03,4.81,4.6,79.1
2006-05-04,4.83,4.6,79.1
2006-05-05,4.83,4.6,79.1
2006-05-08,4.88,4.6,79.1
2006-05-09,4.78,4.6,79.1
2006-05-10,4.88,4.6,79.1
2006-05-11,4.99,4.6,79.1
2006-05-12,5.01,4.6,79.1
2006-05-15,5.01,4.6,79.1
2006-05-16,4.98,4.6,79.1
2006-05-17,4.96,4.6,79.1
2006-05-18,5.0,4.6,79.1
2006-05-19,5.0,4.6,79.1
2006-05-22,5.0,4.6,79.1
2006-05-23,4.94,4.6,79.1
2006-05-24,4.9,4.6,79.1
2006-05-25,5.01,4.6,79.1
2006-05-26,4.99,4.6,79.1
2006-05-29,,4.6,79.1
2006-05-30,5.02,4.6,79.1
2006-05-31,5.05,4.6,79.1
2006-06-01,5.02,4.6,84.9
2006-06-02,4.97,4.6,84.9
2006-06-05,5.01,4.6,84.9
2006-06-06,4.99,4.6,84.9
2006-06-07,4.99,4.6,84.9
2006-06-08,5.02,4.6,84.9
2006-06-09,5.0,4.6,84.9
2006-06-12,5.01,4.6,84.9
2006-06-13,5.0,4.6,84.9
2006-06-14,5.0,4.6,84.9
2006-06-15,5.02,4.6,84.9
2006-06-16,4.94,4.6,84.9
2006-06-19,4.95,4.6,84.9
2006-06-20,4.92,4.6,84.9
2006-06-21,4.91,4.6,84.9
2006-06-22,4.98,4.6,84.9
2006-06-23,4.98,4.6,84.9
2006-06-26,5.03,4.6,84.9
2006-06-27,5.02,4.6,84.9
2006-06-28,5.06,4.6,84.9
2006-06-29,5.08,4.6,84.9
2006-06-30,5.05,4.6,84.9
2006-07-03,5.25,4.7,84.7
2006-07-04,,4.7,84.7
2006-07-05,5.25,4.7,84.7
2006-07-06,5.24,4.7,84.7
2006-07-07,5.22,4.7,84.7
2006-07-10,5.24,4.7,84.7
2006-07-11,5.25,4.7,84.7
2006-07-12,5.27,4.7,84.7
2006-07-13,5.26,4.7,84.7
2006-07-14,5.26,4.7,84.7
2006-07-17,5.28,4.7,84.7
2006-07-18,5.22,4.7,84.7
2006-07-19,5.23,4.7,84.7
2006-07-20,5.24,4.7,84.7
2006-07-21,5.23,4.7,84.7
2006-07-24,5.24,4.7,84.7
2006-07-25,5.24,4.7,84.7
2006-07-26,5.24,4.7,84.7
2006-07-27,5.27,4.7,84.7
2006-07-28,5.26,4.7,84.7
2006-07-31,5.31,4.7,84.7
2006-08-01,5.27,4.7,82.0
2006-08-02,5.25,4.7,82.0
2006-08-03,5.27,4.7,82.0
2006-08-04,5.25,4.7,82.0
2006-08-07,5.24,4.7,82.0
2006-08-08,5.26,4.7,82.0
2006-08-09,5.25,4.7,82.0
2006-08-10,5.24,4.7,82.0
2006-08-11,5.24,4.7,82.0
2006-08-14,5.26,4.7,82.0
2006-08-15,5.24,4.7,82.0
2006-08-16,5.17,4.7,82.0
2006-08-17,5.2,4.7,82.0
2006-08-18,5.25,4.7,82.0
2006-08-21,5.24,4.7,82.0
2006-08-22,5.24,4.7,82.0
2006-08-23,5.25,4.7,82.0
2006-08-24,5.25,4.7,82.0
2006-08-25,5.25,4.7,82.0
2006-08-28,5.25,4.7,82.0
2006-08-29,5.23,4.7,82.0
2006-08-30,5.25,4.7,82.0
2006-08-31,5.31,4.7,82.0
2006-09-01,5.25,4.5,85.4
2006-09-04,,4.5,85.4
2006-09-05,5.26,4.5,85.4
2006-09-06,5.21,4.5,85.4
2006-09-07,5.23,4.5,85.4
2006-09-08,5.23,4.5,85.4
2006-09-11,5.24,4.5,85.4
2006-09-12,5.21,4.5,85.4
2006-09-13,5.26,4.5,85.4
2006-09-14,5.26,4.5,85.4
2006-09-15,5.25,4.5,85.4
2006-09-18,5.23,4.5,85.4
2006-09-19,5.21,4.5,85.4
2006-09-20,5.23,4.5,85.4
2006-09-21,5.24,4.5,85.4
2006-09-22,5.27,4.5,85.4
2006-09-25,5.3,4.5,85.4
2006-09-26,5.25,4.5,85.4
2006-09-27,5.3,4.5,85.4
2006-09-28,5.28,4.5,85.4
2006-09-29,5.34,4.5,85.4
2006-10-02,5.33,4.4,93.6
2006-10-03,5.25,4.4,93.6
2006-10-04,5.23,4.4,93.6
2006-10-05,5.23,4.4,93.6
2006-10-06,5.22,4.4,93.6
2006-10-09,,4.4,93.6
2006-10-10,5.28,4.4,93.6
2006-10-11,5.25,4.4,93.6
2006-10-12,5.25,4.4,93.6
2006-10-13,5.21,4.4,93.6
2006-10-16,5.28,4.4,93.6
2006-10-17,5.21,4.4,93.6
2006-10-18,5.23,4.4,93.6
2006-10-19,5.22,4.4,93.6
2006-10-20,5.25,4.4,93.6
2006-10-23,5.24,4.4,93.6
2006-10-24,5.24,4.4,93.6
2006-10-25,5.26,4.4,93.6
2006-10-26,5.23,4.4,93.6
2006-10-27,5.23,4.4,93.6
2006-10-30,5.27,4.4,93.6
2006-10-31,5.31,4.4,93.6
2006-11-01,5.23,4.5,92.1
2006-11-02,5.22,4.5,92.1
2006-11-03,5.25,4.5,92.1
2006-11-06,,4.5,92.1
2006-11-07,5.22,4.5,92.1
2006-11-08,5.22,4.5,92.1
2006-11-09,5.23,4.5,92.1
2006-11-10,5.23,4.5,92.1
2006-11-13,5.27,4.5,92.1
2006-11-14,,4.5,92.1
2006-11-15,5.29,4.5,92.1
2006-11-16,5.25,4.5,92.1
2006-11-17,5.2,4.5,92.1
2006-11-20,5.25,4.5,92.1
2006-11-21,5.29,4.5,92.1
2006-11-22,5.26,4.5,92.1
2006-11-23,,4.5,92.1
2006-11-24,5.24,4.5,92.1
2006-11-27,5.32,4.5,92.1
2006-11-28,5.24,4.5,92.1
2006-11-29,5.26,4.5,92.1
2006-11-30,5.31,4.5,92.1
2006-12-01,5.27,4.4,91.7
2006-12-04,5.22,4.4,91.7
2006-12-05,5.21,4.4,91.7
2006-12-06,5.22,4.4,91.7
2006-12-07,5.25,4.4,91.7
2006-12-08,5.25,4.4,91.7
2006-12-11,5.25,4.4,91.7
2006-12-12,5.23,4.4,91.7
2006-12-13,5.23,4.4,91.7
2006-12-14,5.29,4.4,91.7
2006-12-15,5.27,4.4,91.7
2006-12-18,5.21,4.4,91.7
2006-12-19,5.21,4.4,91.7
2006-12-20,5.26,4.4,91.7
2006-12-21,5.25,4.4,91.7
2006-12-22,5.24,4.4,91.7
2006-12-25,,4.4,91.7
2006-12-26,5.29,4.4,91.7
2006-12-27,5.17,4.4,91.7
2006-12-28,5.25,4.4,91.7
2006-12-29,5.17,4.4,91.7
2007-01-01,,4.6,96.9
2007-01-02,5.3,4.6,96.9
2007-01-03,5.28,4.6,96.9
2007-01-04,5.24,4.6,96.9
2007-01-05,5.21,4.6,96.9
2007-01-08,5.23,4.6,96.9
2007-01-09,5.25,4.6,96.9
2007-01-10,5.26,4.6,96.9
2007-01-11,5.27,4.6,96.9
2007-01-12,5.22,4.6,96.9
2007-01-15,,4.6,96.9
2007-01-16,5.28,4.6,96.9
2007-01-17,5.25,4.6,96.9
2007-01-18,5.23,4.6,96.9
2007-01-19,5.25,4.6,96.9
2007-01-22,5.24,4.6,96.9
2007-01-23,5.26,4.6,96.9
2007-01-24,5.27,4.6,96.9
2007-01-25,5.31,4.6,96.9
2007-01-26,5.26,4.6,96.9
2007-01-29,5.26,4.6,96.9
2007-01-30,5.23,4.6,96.9
2007-01-31,5.33,4.6,96.9
2007-02-01,5.29,4.5,91.3
2007-02-02,5.24,4.5,91.3
2007-02-05,5.25,4.5,91.3
2007-02-06,5.24,4.5,91.3
2007-02-07,5.23,4.5,91.3
2007-02-08,5.25,4.5,91.3
2007-02-09,5.25,4.5,91.3
2007-02-12,5.28,4.5,91.3
2007-02-13,5.26,4.5,91.3
2007-02-14,5.27,4.5,91.3
2007-02-15,5.29,4.5,91.3
2007-02-16,5.24,4.5,91.3
2007-02-19,,4.5,91.3
2007-02-20,5.27,4.5,91.3
2007-02-21,5.23,4.5,91.3
2007-02-22,5.26,4.5,91.3
2007-02-23,5.24,4.5,91.3
2007-02-26,5.3,4.5,91.3
2007-02-27,5.27,4.5,91.3
2007-02-28,5.41,4.5,91.3
2007-03-01,5.31,4.4,88.4
2007-03-02,5.23,4.4,88.4
2007-03-05,5.27,4.4,88.4
2007-03-06,5.22,4.4,88.4
2007-03-07,5.24,4.4,88.4
2007-03-08,5.24,4.4,88.4
2007-03-09,5.24,4.4,88.4
2007-03-12,5.25,4.4,88.4
2007-03-13,5.25,4.4,88.4
2007-03-14,5.27,4.4,88.4
2007-03-15,5.29,4.4,88.4
2007-03-16,5.25,4.4,88.4
2007-03-19,5.26,4.4,88.4
2007-03-20,5.26,4.4,88.4
2007-03-21,5.26,4.4,88.4
2007-03-22,5.27,4.4,88.4
2007-03-23,5.24,4.4,88.4
2007-03-26,5.28,4.4,88.4
2007-03-27,5.25,4.4,88.4
2007-03-28,5.27,4.4,88.4
2007-03-29,5.29,4.4,88.4
2007-03-30,5.3,4.4,88.4
2007-04-02,5.25,4.5,87.1
2007-04-03,5.2,4.5,87.1
2007-04-04,5.21,4.5,87.1
2007-04-05,5.3,4.5,87.1
2007-04-06,5.3,4.5,87.1
2007-04-09,5.28,4.5,87.1
2007-04-10,5.26,4.5,87.1
2007-04-11,5.24,4.5,87.1
2007-04-12,5.27,4.5,87.1
2007-04-13,5.25,4.5,87.1
2007-04-16,5.29,4.5,87.1
2007-04-17,5.2,4.5,87.1
2007-04-18,5.19,4.5,87.1
2007-04-19,5.23,4.5,87.1
2007-04-20,5.25,4.5,87.1
2007-04-23,5.23,4.5,87.1
2007-04-24,5.2,4.5,87.1
2007-04-25,5.19,4.5,87.1
2007-04-26,5.24,4.5,87.1
2007-04-27,5.24,4.5,87.1
2007-04-30,5.29,4.5,87.1
2007-05-01,5.26,4.4,88.3
2007-05-02,5.21,4.4,88.3
2007-05-03,5.24,4.4,88.3
2007-05-04,5.24,4.4,88.3
2007-05-07,5.24,4.4,88.3
2007-05-08,5.21,4.4,88.3
2007-05-09,5.21,4.4,88.3
2007-05-10,5.25,4.4,88.3
2007-05-11,5.27,4.4,88.3
2007-05-14,5.26,4.4,88.3
2007-05-15,5.29,4.4,88.3
2007-05-16,5.25,4.4,88.3
2007-05-17,5.25,4.4,88.3
2007-05-18,5.24,4.4,88.3
2007-05-21,5.24,4.4,88.3
2007-05-22,5.23,4.4,88.3
2007-05-23,5.25,4.4,88.3
2007-05-24,5.24,4.4,88.3
2007-05-25,5.29,4.4,88.3
2007-05-28,,4.4,88.3
2007-05-29,5.29,4.4,88.3
2007-05-30,5.25,4.4,88.3
2007-05-31,5.28,4.4,88.3
2007-06-01,5.23,4.6,85.3
2007-06-04,5.24,4.6,85.3
2007-06-05,5.19,4.6,85.3
2007-06-06,5.25,4.6,85.3
2007-06-07,5.25,4.6,85.3
2007-06-08,5.26,4.6,85.3
2007-06-11,5.27,4.6,85.3
2007-06-12,5.26,4.6,85.3
2007-06-13,5.26,4.6,85.3
2007-06-14,5.28,4.6,85.3
2007-06-15,5.26,4.6,85.3
2007-06-18,5.23,4.6,85.3
2007-06-19,5.21,4.6,85.3
2007-06-20,5.27,4.6,85.3
2007-06-21,5.26,4.6,85.3
2007-06-22,5.24,4.6,85.3
2007-06-25,5.29,4.6,85.3
2007-06-26,5.25,4.6,85.3
2007-06-27,5.26,4.6,85.3
2007-06-28,5.26,4.6,85.3
2007-06-29,5.31,4.6,85.3
2007-07-02,5.31,4.7,90.4
2007-07-03,5.24,4.7,90.4
2007-07-04,,4.7,90.4
2007-07-05,5.25,4.7,90.4
2007-07-06,5.22,4.7,90.4
2007-07-09,5.22,4.7,90.4
2007-07-10,5.24,4.7,90.4
2007-07-11,5.24,4.7,90.4
2007-07-12,5.26,4.7,90.4
2007-07-13,5.25,4.7,90.4
2007-07-16,5.32,4.7,90.4
2007-07-17,5.28,4.7,90.4
2007-07-18,5.26,4.7,90.4
2007-07-19,5.25,4.7,90.4
2007-07-20,5.25,4.7,90.4
2007-07-23,5.26,4.7,90.4
2007-07-24,5.25,4.7,90.4
2007-07-25,5.32,4.7,90.4
2007-07-26,5.28,4.7,90.4
2007-07-27,5.25,4.7,90.4
2007-07-30,5.29,4.7,90.4
2007-07-31,5.28,4.7,90.4
2007-08-01,5.3,4.6,83.4
2007-08-02,5.24,4.6,83.4
2007-08-03,5.24,4.6,83.4
2007-08-06,5.26,4.6,83.4
2007-08-07,5.26,4.6,83.4
2007-08-08,5.27,4.6,83.4
2007-08-09,5.41,4.6,83.4
2007-08-10,4.68,4.6,83.4
2007-08-13,4.81,4.6,83.4
2007-08-14,4.54,4.6,83.4
2007-08-15,4.71,4.6,83.4
2007-08-16,4.97,4.6,83.4
2007-08-17,4.91,4.6,83.4
2007-08-20,5.03,4.6,83.4
2007-08-21,4.89,4.6,83.4
2007-08-22,4.77,4.6,83.4
2007-08-23,4.88,4.6,83.4
2007-08-24,5.11,4.6,83.4
2007-08-27,5.27,4.6,83.4
2007-08-28,5.3,4.6,83.4
2007-08-29,5.0,4.6,83.4
2007-08-30,5.0,4.6,83.4
2007-08-31,4.96,4.6,83.4
2007-09-03,,4.7,83.4
2007-09-04,5.22,4.7,83.4
2007-09-05,5.18,4.7,83.4
2007-09-06,4.98,4.7,83.4
2007-09-07,4.86,4.7,83.4
2007-09-10,5.07,4.7,83.4
2007-09-11,5.06,4.7,83.4
2007-09-12,5.18,4.7,83.4
2007-09-13,5.09,4.7,83.4
2007-09-14,5.25,4.7,83.4
2007-09-17,5.33,4.7,83.4
2007-09-18,4.92,4.7,83.4
2007-09-19,4.74,4.7,83.4
2007-09-20,4.77,4.7,83.4
2007-09-21,4.76,4.7,83.4
2007-09-24,4.74,4.7,83.4
2007-09-25,4.82,4.7,83.4
2007-09-26,4.88,4.7,83.4
2007-09-27,4.93,4.7,83.4
2007-09-28,4.58,4.7,83.4
2007-10-01,4.92,4.7,80.9
2007-10-02,4.78,4.7,80.9
2007-10-03,4.68,4.7,80.9
2007-10-04,4.74,4.7,80.9
2007-10-05,4.77,4.7,80.9
2007-10-08,,4.7,80.9
2007-10-09,4.91,4.7,80.9
2007-10-10,4.52,4.7,80.9
2007-10-11,4.75,4.7,80.9
2007-10-12,4.75,4.7,80.9
2007-10-15,4.81,4.7,80.9
2007-10-16,4.68,4.7,80.9
2007-10-17,4.7,4.7,80.9
2007-10-18,4.69,4.7,80.9
2007-10-19,4.77,4.7,80.9
2007-10-22,4.71,4.7,80.9
2007-10-23,4.67,4.7,80.9
2007-10-24,4.74,4.7,80.9
2007-10-25,4.86,4.7,80.9
2007-10-26,4.8,4.7,80.9
2007-10-29,4.84,4.7,80.9
2007-10-30,4.78,4.7,80.9
2007-10-31,4.6,4.7,80.9
2007-11-01,4.59,4.7,76.1
2007-11-02,4.28,4.7,76.1
2007-11-05,4.29,4.7,76.1
2007-11-06,4.22,4.7,76.1
2007-11-07,4.39,4.7,76.1
2007-11-08,4.58,4.7,76.1
2007-11-09,4.49,4.7,76.1
2007-11-12,,4.7,76.1
2007-11-13,4.61,4.7,76.1
2007-11-14,4.6,4.7,76.1
2007-11-15,4.54,4.7,76.1
2007-11-16,4.51,4.7,76.1
2007-11-19,4.51,4.7,76.1
2007-11-20,4.51,4.7,76.1
2007-11-21,4.5,4.7,76.1
2007-11-22,,4.7,76.1
2007-11-23,4.56,4.7,76.1
2007-11-26,4.62,4.7,76.1
2007-11-27,4.39,4.7,76.1
2007-11-28,4.53,4.7,76.1
2007-11-29,4.55,4.7,76.1
2007-11-30,4.66,4.7,76.1
2007-12-03,4.52,5.0,75.5
2007-12-04,4.5,5.0,75.5
2007-12-05,4.31,5.0,75.5
2007-12-06,4.49,5.0,75.5
2007-12-07,4.41,5.0,75.5
2007-12-10,4.46,5.0,75.5
2007-12-11,4.29,5.0,75.5
2007-12-12,4.28,5.0,75.5
2007-12-13,4.3,5.0,75.5
2007-12-14,4.24,5.0,75.5
2007-12-17,4.31,5.0,75.5
2007-12-18,4.16,5.0,75.5
2007-12-19,3.98,5.0,75.5
2007-12-20,4.37,5.0,75.5
2007-12-21,4.28,5.0,75.5
2007-12-24,4.0,5.0,75.5
2007-12-25,,5.0,75.5
2007-12-26,4.26,5.0,75.5
2007-12-27,4.15,5.0,75.5
2007-12-28,4.01,5.0,75.5
2007-12-31,3.06,5.0,75.5
2008-01-01,,5.0,78.4
2008-01-02,4.11,5.0,78.4
2008-01-03,4.25,5.0,78.4
2008-01-04,4.18,5.0,78.4
2008-01-07,4.27,5.0,78.4
2008-01-08,4.27,5.0,78.4
2008-01-09,4.26,5.0,78.4
2008-01-10,4.26,5.0,78.4
2008-01-11,4.23,5.0,78.4
2008-01-14,4.24,5.0,78.4
2008-01-15,4.24,5.0,78.4
2008-01-16,4.22,5.0,78.4
2008-01-17,4.23,5.0,78.4
2008-01-18,4.17,5.0,78.4
2008-01-21,,5.0,78.4
2008-01-22,3.68,5.0,78.4
2008-01-23,3.43,5.0,78.4
2008-01-24,3.47,5.0,78.4
2008-01-25,3.6,5.0,78.4
2008-01-28,3.5,5.0,78.4
2008-01-29,3.47,5.0,78.4
2008-01-30,3.26,5.0,78.4
2008-01-31,3.22,5.0,78.4
2008-02-01,3.12,4.9,70.8
2008-02-04,2.82,4.9,70.8
2008-02-05,2.71,4.9,70.8
2008-02-06,2.94,4.9,70.8
2008-02-07,3.03,4.9,70.8
2008-02-08,3.05,4.9,70.8
2008-02-11,2.88,4.9,70.8
2008-02-12,2.91,4.9,70.8
2008-02-13,3.02,4.9,70.8
2008-02-14,3.03,4.9,70.8
2008-02-15,2.97,4.9,70.8
2008-02-18,,4.9,70.8
2008-02-19,2.94,4.9,70.8
2008-02-20,3.0,4.9,70.8
2008-02-21,3.01,4.9,70.8
2008-02-22,2.97,4.9,70.8
2008-02-25,3.0,4.9,70.8
2008-02-26,2.85,4.9,70.8
2008-02-27,2.93,4.9,70.8
2008-02-28,3.06,4.9,70.8
2008-02-29,3.01,4.9,70.8
2008-03-03,3.1,5.1,69.5
2008-03-04,2.9,5.1,69.5
2008-03-05,2.93,5.1,69.5
2008-03-06,2.99,5.1,69.5
2008-03-07,2.96,5.1,69.5
2008-03-10,2.99,5.1,69.5
2008-03-11,2.95,5.1,69.5
2008-03-12,2.97,5.1,69.5
2008-03-13,2.98,5.1,69.5
2008-03-14,2.99,5.1,69.5
2008-03-17,2.69,5.1,69.5
2008-03-18,2.16,5.1,69.5
2008-03-19,2.08,5.1,69.5
2008-03-20,2.22,5.1,69.5
2008-03-21,2.08,5.1,69.5
2008-03-24,2.08,5.1,69.5
2008-03-25,2.42,5.1,69.5
2008-03-26,2.3,5.1,69.5
2008-03-27,2.27,5.1,69.5
2008-03-28,2.09,5.1,69.5
2008-03-31,2.51,5.1,69.5
2008-04-01,2.38,5.0,62.6
2008-04-02,2.18,5.0,62.6
2008-04-03,2.19,5.0,62.6
2008-04-04,2.26,5.0,62.6
2008-04-07,2.24,5.0,62.6
2008-04-08,2.23,5.0,62.6
2008-04-09,2.2,5.0,62.6
2008-04-10,2.3,5.0,62.6
2008-04-11,2.37,5.0,62.6
2008-04-14,2.32,5.0,62.6
2008-04-15,2.32,5.0,62.6
2008-04-16,2.35,5.0,62.6
2008-04-17,2.37,5.0,62.6
2008-04-18,2.32,5.0,62.6
2008-04-21,2.28,5.0,62.6
2008-04-22,1.99,5.0,62.6
2008-04-23,2.18,5.0,62.6
2008-04-24,2.26,5.0,62.6
2008-04-25,2.28,5.0,62.6
2008-04-28,2.29,5.0,62.6
2008-04-29,2.21,5.0,62.6
2008-04-30,2.37,5.0,62.6
2008-05-01,2.16,5.4,59.8
2008-05-02,1.88,5.4,59.8
2008-05-05,1.85,5.4,59.8
2008-05-06,1.91,5.4,59.8
2008-05-07,2.01,5.4,59.8
2008-05-08,1.99,5.4,59.8
2008-05-09,1.97,5.4,59.8
2008-05-12,1.88,5.4,59.8
2008-05-13,1.93,5.4,59.8
2008-05-14,2.03,5.4,59.8
2008-05-15,2.03,5.4,59.8
2008-05-16,1.91,5.4,59.8
2008-05-19,1.95,5.4,59.8
2008-05-20,1.99,5.4,59.8
2008-05-21,2.03,5.4,59.8
2008-05-22,2.05,5.4,59.8
2008-05-23,1.99,5.4,59.8
2008-05-26,,5.4,59.8
2008-05-27,2.23,5.4,59.8
2008-05-28,2.08,5.4,59.8
2008-05-29,2.01,5.4,59.8
2008-05-30,1.98,5.4,59.8
2008-06-02,2.06,5.6,56.4
2008-06-03,1.95,5.6,56.4
2008-06-04,1.98,5.6,56.4
2008-06-05,1.98,5.6,56.4
2008-06-06,2.01,5.6,56.4
2008-06-09,2.02,5.6,56.4
2008-06-10,1.96,5.6,56.4
2008-06-11,1.95,5.6,56.4
2008-06-12,2.01,5.6,56.4
2008-06-13,2.02,5.6,56.4
2008-06-16,2.06,5.6,56.4
2008-06-17,1.87,5.6,56.4
2008-06-18,1.84,5.6,56.4
2008-06-19,1.94,5.6,56.4
2008-06-20,1.99,5.6,56.4
2008-06-23,1.98,5.6,56.4
2008-06-24,1.93,5.6,56.4
2008-06-25,1.97,5.6,56.4
2008-06-26,2.05,5.6,56.4
2008-06-27,1.99,5.6,56.4
2008-06-30,2.47,5.6,56.4
2008-07-01,2.11,5.8,61.2
2008-07-02,1.95,5.8,61.2
2008-07-03,1.92,5.8,61.2
2008-07-04,,5.8,61.2
2008-07-07,1.99,5.8,61.2
2008-07-08,1.97,5.8,61.2
2008-07-09,1.99,5.8,61.2
2008-07-10,2.01,5.8,61.2
2008-07-11,1.97,5.8,61.2
2008-07-14,2.06,5.8,61.2
2008-07-15,2.16,5.8,61.2
2008-07-16,1.95,5.8,61.2
2008-07-17,2.03,5.8,61.2
2008-07-18,1.96,5.8,61.2
2008-07-21,1.98,5.8,61.2
2008-07-22,1.97,5.8,61.2
2008-07-23,2.04,5.8,61.2
2008-07-24,2.06,5.8,61.2
2008-07-25,2.13,5.8,61.2
2008-07-28,2.0,5.8,61.2
2008-07-29,2.05,5.8,61.2
2008-07-30,2.03,5.8,61.2
2008-07-31,2.09,5.8,61.2
2008-08-01,2.04,6.1,63.0
2008-08-04,1.97,6.1,63.0
2008-08-05,1.97,6.1,63.0
2008-08-06,2.01,6.1,63.0
2008-08-07,1.96,6.1,63.0
2008-08-08,2.01,6.1,63.0
2008-08-11,1.99,6.1,63.0
2008-08-12,1.95,6.1,63.0
2008-08-13,1.98,6.1,63.0
2008-08-14,2.09,6.1,63.0
2008-08-15,2.08,6.1,63.0
2008-08-18,1.91,6.1,63.0
2008-08-19,1.94,6.1,63.0
2008-08-20,1.98,6.1,63.0
2008-08-21,2.01,6.1,63.0
2008-08-22,2.02,6.1,63.0
2008-08-25,2.01,6.1,63.0
2008-08-26,1.88,6.1,63.0
2008-08-27,1.98,6.1,63.0
2008-08-28,1.99,6.1,63.0
2008-08-29,1.94,6.1,63.0
2008-09-01,,6.1,70.3
2008-09-02,1.96,6.1,70.3
2008-09-03,2.01,6.1,70.3
2008-09-04,1.99,6.1,70.3
2008-09-05,1.97,6.1,70.3
2008-09-08,1.92,6.1,70.3
2008-09-09,1.96,6.1,70.3
2008-09-10,2.12,6.1,70.3
2008-09-11,2.0,6.1,70.3
2008-09-12,2.1,6.1,70.3
2008-09-15,2.64,6.1,70.3
2008-09-16,1.98,6.1,70.3
2008-09-17,2.8,6.1,70.3
2008-09-18,2.16,6.1,70.3
2008-09-19,1.48,6.1,70.3
2008-09-22,1.51,6.1,70.3
2008-09-23,1.46,6.1,70.3
2008-09-24,1.19,6.1,70.3
2008-09-25,1.23,6.1,70.3
2008-09-26,1.08,6.1,70.3
2008-09-29,1.56,6.1,70.3
2008-09-30,2.03,6.1,70.3
2008-10-01,1.15,6.5,57.6
2008-10-02,0.67,6.5,57.6
2008-10-03,1.1,6.5,57.6
2008-10-06,1.96,6.5,57.6
2008-10-07,2.97,6.5,57.6
2008-10-08,2.24,6.5,57.6
2008-10-09,1.4,6.5,57.6
2008-10-10,0.79,6.5,57.6
2008-10-13,,6.5,57.6
2008-10-14,1.1,6.5,57.6
2008-10-15,1.04,6.5,57.6
2008-10-16,0.83,6.5,57.6
2008-10-17,0.6,6.5,57.6
2008-10-20,0.7,6.5,57.6
2008-10-21,0.67,6.5,57.6
2008-10-22,0.81,6.5,57.6
2008-10-23,0.93,6.5,57.6
2008-10-24,0.95,6.5,57.6
2008-10-27,0.92,6.5,57.6
2008-10-28,0.67,6.5,57.6
2008-10-29,0.36,6.5,57.6
2008-10-30,0.3,6.5,57.6
2008-10-31,0.22,6.5,57.6
2008-11-03,0.23,6.8,55.3
2008-11-04,0.23,6.8,55.3
2008-11-05,0.23,6.8,55.3
2008-11-06,0.23,6.8,55.3
2008-11-07,0.27,6.8,55.3
2008-11-10,0.29,6.8,55.3
2008-11-11,,6.8,55.3
2008-11-12,0.35,6.8,55.3
2008-11-13,0.35,6.8,55.3
2008-11-14,0.34,6.8,55.3
2008-11-17,0.37,6.8,55.3
2008-11-18,0.38,6.8,55.3
2008-11-19,0.38,6.8,55.3
2008-11-20,0.49,6.8,55.3
2008-11-21,0.57,6.8,55.3
2008-11-24,0.62,6.8,55.3
2008-11-25,0.59,6.8,55.3
2008-11-26,0.53,6.8,55.3
2008-11-27,,6.8,55.3
2008-11-28,0.52,6.8,55.3
2008-12-01,0.52,7.3,60.1
2008-12-02,0.47,7.3,60.1
2008-12-03,0.36,7.3,60.1
2008-12-04,0.2,7.3,60.1
2008-12-05,0.12,7.3,60.1
2008-12-08,0.12,7.3,60.1
2008-12-09,0.13,7.3,60.1
2008-12-10,0.11,7.3,60.1
2008-12-11,0.14,7.3,60.1
2008-12-12,0.15,7.3,60.1
2008-12-15,0.18,7.3,60.1
2008-12-16,0.17,7.3,60.1
2008-12-17,0.12,7.3,60.1
2008-12-18,0.11,7.3,60.1
2008-12-19,0.11,7.3,60.1
2008-12-22,0.11,7.3,60.1
2008-12-23,0.11,7.3,60.1
2008-12-24,0.11,7.3,60.1
2008-12-25,,7.3,60.1
2008-12-26,0.09,7.3,60.1
2008-12-29,0.1,7.3,60.1
2008-12-30,0.09,7.3,60.1
2008-12-31,0.14,7.3,60.1
2009-01-01,,7.8,61.2
2009-01-02,0.08,7.8,61.2
2009-01-05,0.11,7.8,61.2
2009-01-06,0.09,7.8,61.2
2009-01-07,0.11,7.8,61.2
2009-01-08,0.1,7.8,61.2
2009-01-09,0.09,7.8,61.2
2009-01-12,0.1,7.8,61.2
2009-01-13,0.1,7.8,61.2
2009-01-14,0.15,7.8,61.2
2009-01-15,0.18,7.8,61.2
2009-01-16,0.19,7.8,61.2
2009-01-19,,7.8,61.2
2009-01-20,0.2,7.8,61.2
2009-01-21,0.23,7.8,61.2
2009-01-22,0.21,7.8,61.2
2009-01-23,0.18,7.8,61.2
2009-01-26,0.19,7.8,61.2
2009-01-27,0.18,7.8,61.2
2009-01-28,0.19,7.8,61.2
2009-01-29,0.23,7.8,61.2
2009-01-30,0.23,7.8,61.2
2009-02-02,0.24,8.3,56.3
2009-02-03,0.24,8.3,56.3
2009-02-04,0.24,8.3,56.3
2009-02-05,0.23,8.3,56.3
2009-02-06,0.23,8.3,56.3
2009-02-09,0.22,8.3,56.3
2009-02-10,0.24,8.3,56.3
2009-02-11,0.22,8.3,56.3
2009-02-12,0.23,8.3,56.3
2009-02-13,0.22,8.3,56.3
2009-02-16,,8.3,56.3
2009-02-17,0.25,8.3,56.3
2009-02-18,0.23,8.3,56.3
2009-02-19,0.21,8.3,56.3
2009-02-20,0.2,8.3,56.3
2009-02-23,0.19,8.3,56.3
2009-02-24,0.21,8.3,56.3
2009-02-25,0.21,8.3,56.3
2009-02-26,0.22,8.3,56.3
2009-02-27,0.22,8.3,56.3
2009-03-02,0.22,8.7,57.3
2009-03-03,0.2,8.7,57.3
2009-03-04,0.21,8.7,57.3
2009-03-05,0.2,8.7,57.3
2009-03-06,0.2,8.7,57.3
2009-03-09,0.2,8.7,57.3
2009-03-10,0.2,8.7,57.3
2009-03-11,0.19,8.7,57.3
2009-03-12,0.18,8.7,57.3
2009-03-13,0.15,8.7,57.3
2009-03-16,0.2,8.7,57.3
2009-03-17,0.2,8.7,57.3
2009-03-18,0.18,8.7,57.3
2009-03-19,0.17,8.7,57.3
2009-03-20,0.18,8.7,57.3
2009-03-23,0.17,8.7,57.3
2009-03-24,0.17,8.7,57.3
2009-03-25,0.17,8.7,57.3
2009-03-26,0.16,8.7,57.3
2009-03-27,0.15,8.7,57.3
2009-03-30,0.16,8.7,57.3
2009-03-31,0.16,8.7,57.3
2009-04-01,0.16,9.0,65.1
2009-04-02,0.16,9.0,65.1
2009-04-03,0.13,9.0,65.1
2009-04-06,0.14,9.0,65.1
2009-04-07,0.14,9.0,65.1
2009-04-08,0.14,9.0,65.1
2009-04-09,0.14,9.0,65.1
2009-04-10,0.15,9.0,65.1
2009-04-13,0.13,9.0,65.1
2009-04-14,0.16,9.0,65.1
2009-04-15,0.16,9.0,65.1
2009-04-16,0.15,9.0,65.1
2009-04-17,0.13,9.0,65.1
2009-04-20,0.14,9.0,65.1
2009-04-21,0.15,9.0,65.1
2009-04-22,0.15,9.0,65.1
2009-04-23,0.17,9.0,65.1
2009-04-24,0.16,9.0,65.1
2009-04-27,0.17,9.0,65.1
2009-04-28,0.16,9.0,65.1
2009-04-29,0.18,9.0,65.1
2009-04-30,0.2,9.0,65.1
2009-05-01,0.22,9.4,68.7
2009-05-04,0.22,9.4,68.7
2009-05-05,0.2,9.4,68.7
2009-05-06,0.18,9.4,68.7
2009-05-07,0.18,9.4,68.7
2009-05-08,0.17,9.4,68.7
2009-05-11,0.17,9.4,68.7
2009-05-12,0.16,9.4,68.7
2009-05-13,0.16,9.4,68.7
2009-05-14,0.16,9.4,68.7
2009-05-15,0.17,9.4,68.7
2009-05-18,0.16,9.4,68.7
2009-05-19,0.15,9.4,68.7
2009-05-20,0.14,9.4,68.7
2009-05-21,0.17,9.4,68.7
2009-05-22,0.17,9.4,68.7
2009-05-25,,9.4,68.7
2009-05-26,0.18,9.4,68.7
2009-05-27,0.17,9.4,68.7
2009-05-28,0.17,9.4,68.7
2009-05-29,0.19,9.4,68.7
2009-06-01,0.21,9.5,70.8
2009-06-02,0.2,9.5,70.8
2009-06-03,0.21,9.5,70.8
2009-06-04,0.2,9.5,70.8
2009-06-05,0.21,9.5,70.8
2009-06-08,0.21,9.5,70.8
2009-06-09,0.18,9.5,70.8
2009-06-10,0.18,9.5,70.8
2009-06-11,0.17,9.5,70.8
2009-06-12,0.17,9.5,70.8
2009-06-15,0.22,9.5,70.8
2009-06-16,0.22,9.5,70.8
2009-06-17,0.24,9.5,70.8
2009-06-18,0.25,9.5,70.8
2009-06-19,0.25,9.5,70.8
2009-06-22,0.24,9.5,70.8
2009-06-23,0.24,9.5,70.8
2009-06-24,0.21,9.5,70.8
2009-06-25,0.19,9.5,70.8
2009-06-26,0.18,9.5,70.8
2009-06-29,0.17,9.5,70.8
2009-06-30,0.22,9.5,70.8
2009-07-01,0.2,9.5,66.0
2009-07-02,0.17,9.5,66.0
2009-07-03,0.16,9.5,66.0
2009-07-06,0.18,9.5,66.0
2009-07-07,0.18,9.5,66.0
2009-07-08,0.16,9.5,66.0
2009-07-09,0.15,9.5,66.0
2009-07-10,0.15,9.5,66.0
2009-07-13,0.13,9.5,66.0
2009-07-14,0.13,9.5,66.0
2009-07-15,0.14,9.5,66.0
2009-07-16,0.15,9.5,66.0
2009-07-17,0.15,9.5,66.0
2009-07-20,0.15,9.5,66.0
2009-07-21,0.14,9.5,66.0
2009-07-22,0.14,9.5,66.0
2009-07-23,0.15,9.5,66.0
2009-07-24,0.15,9.5,66.0
2009-07-27,0.16,9.5,66.0
2009-07-28,0.15,9.5,66.0
2009-07-29,0.17,9.5,66.0
2009-07-30,0.17,9.5,66.0
2009-07-31,0.18,9.5,66.0
2009-08-03,0.18,9.6,65.7
2009-08-04,0.17,9.6,65.7
2009-08-05,0.17,9.6,65.7
2009-08-06,0.17,9.6,65.7
2009-08-07,0.17,9.6,65.7
2009-08-10,0.17,9.6,65.7
2009-08-11,0.16,9.6,65.7
2009-08-12,0.15,9.6,65.7
2009-08-13,0.15,9.6,65.7
2009-08-14,0.15,9.6,65.7
2009-08-17,0.17,9.6,65.7
2009-08-18,0.17,9.6,65.7
2009-08-19,0.17,9.6,65.7
2009-08-20,0.17,9.6,65.7
2009-08-21,0.16,9.6,65.7
2009-08-24,0.16,9.6,65.7
2009-08-25,0.15,9.6,65.7
2009-08-26,0.15,9.6,65.7
2009-08-27,0.14,9.6,65.7
2009-08-28,0.14,9.6,65.7
2009-08-31,0.15,9.6,65.7
2009-09-01,0.15,9.8,73.5
2009-09-02,0.16,9.8,73.5
2009-09-03,0.15,9.8,73.5
2009-09-04,0.15,9.8,73.5
2009-09-07,,9.8,73.5
2009-09-08,0.15,9.8,73.5
2009-09-09,0.15,9.8,73.5
2009-09-10,0.16,9.8,73.5
2009-09-11,0.15,9.8,73.5
2009-09-14,0.16,9.8,73.5
2009-09-15,0.17,9.8,73.5
2009-09-16,0.17,9.8,73.5
2009-09-17,0.16,9.8,73.5
2009-09-18,0.16,9.8,73.5
2009-09-21,0.15,9.8,73.5
2009-09-22,0.15,9.8,73.5
2009-09-23,0.15,9.8,73.5
2009-09-24,0.14,9.8,73.5
2009-09-25,0.13,9.8,73.5
2009-09-28,0.13,9.8,73.5
2009-09-29,0.11,9.8,73.5
2009-09-30,0.07,9.8,73.5
2009-10-01,0.11,10.0,70.6
2009-10-02,0.13,10.0,70.6
2009-10-05,0.13,10.0,70.6
2009-10-06,0.12,10.0,70.6
2009-10-07,0.13,10.0,70.6
2009-10-08,0.12,10.0,70.6
2009-10-09,0.12,10.0,70.6
2009-10-12,,10.0,70.6
2009-10-13,0.12,10.0,70.6
2009-10-14,0.12,10.0,70.6
2009-10-15,0.13,10.0,70.6
2009-10-16,0.12,10.0,70.6
2009-10-19,0.12,10.0,70.6
2009-10-20,0.12,10.0,70.6
2009-10-21,0.11,10.0,70.6
2009-10-22,0.11,10.0,70.6
2009-10-23,0.11,10.0,70.6
2009-10-26,0.11,10.0,70.6
2009-10-27,0.11,10.0,70.6
2009-10-28,0.11,10.0,70.6
2009-10-29,0.11,10.0,70.6
2009-10-30,0.11,10.0,70.6
2009-11-02,0.12,9.9,67.4
2009-11-03,0.12,9.9,67.4
2009-11-04,0.13,9.9,67.4
2009-11-05,0.13,9.9,67.4
2009-11-06,0.12,9.9,67.4
2009-11-09,0.12,9.9,67.4
2009-11-10,0.13,9.9,67.4
2009-11-11,,9.9,67.4
2009-11-12,0.12,9.9,67.4
2009-11-13,0.12,9.9,67.4
2009-11-16,0.12,9.9,67.4
2009-11-17,0.12,9.9,67.4
2009-11-18,0.11,9.9,67.4
2009-11-19,0.11,9.9,67.4
2009-11-20,0.11,9.9,67.4
2009-11-23,0.12,9.9,67.4
2009-11-24,0.12,9.9,67.4
2009-11-25,0.11,9.9,67.4
2009-11-26,,9.9,67.4
2009-11-27,0.12,9.9,67.4
2009-11-30,0.13,9.9,67.4
2009-12-01,0.13,9.9,72.5
2009-12-02,0.13,9.9,72.5
2009-12-03,0.13,9.9,72.5
2009-12-04,0.12,9.9,72.5
2009-12-07,0.12,9.9,72.5
2009-12-08,0.12,9.9,72.5
2009-12-09,0.12,9.9,72.5
2009-12-10,0.12,9.9,72.5
2009-12-11,0.12,9.9,72.5
2009-12-14,0.12,9.9,72.5
2009-12-15,0.13,9.9,72.5
2009-12-16,0.14,9.9,72.5
2009-12-17,0.13,9.9,72.5
2009-12-18,0.12,9.9,72.5
2009-12-21,0.12,9.9,72.5
2009-12-22,0.12,9.9,72.5
2009-12-23,0.11,9.9,72.5
2009-12-24,0.11,9.9,72.5
2009-12-25,,9.9,72.5
2009-12-28,0.12,9.9,72.5
2009-12-29,0.12,9.9,72.5
2009-12-30,0.11,9.9,72.5
2009-12-31,0.05,9.9,72.5
2010-01-01,,9.8,74.4
2010-01-04,0.12,9.8,74.4
2010-01-05,0.12,9.8,74.4
2010-01-06,0.12,9.8,74.4
2010-01-07,0.1,9.8,74.4
2010-01-08,0.11,9.8,74.4
2010-01-11,0.11,9.8,74.4
2010-01-12,0.11,9.8,74.4
2010-01-13,0.11,9.8,74.4
2010-01-14,0.11,9.8,74.4
2010-01-15,0.12,9.8,74.4
2010-01-18,,9.8,74.4
2010-01-19,0.13,9.8,74.4
2010-01-20,0.13,9.8,74.4
2010-01-21,0.12,9.8,74.4
2010-01-22,0.11,9.8,74.4
2010-01-25,0.12,9.8,74.4
2010-01-26,0.12,9.8,74.4
2010-01-27,0.12,9.8,74.4
2010-01-28,0.12,9.8,74.4
2010-01-29,0.12,9.8,74.4
2010-02-01,0.14,9.8,73.6
2010-02-02,0.14,9.8,73.6
2010-02-03,0.13,9.8,73.6
2010-02-04,0.14,9.8,73.6
2010-02-05,0.13,9.8,73.6
2010-02-08,0.13,9.8,73.6
2010-02-09,0.13,9.8,73.6
2010-02-10,0.12,9.8,73.6
2010-02-11,0.12,9.8,73.6
2010-02-12,0.12,9.8,73.6
2010-02-15,,9.8,73.6
2010-02-16,0.13,9.8,73.6
2010-02-17,0.12,9.8,73.6
2010-02-18,0.12,9.8,73.6
2010-02-19,0.13,9.8,73.6
2010-02-22,0.12,9.8,73.6
2010-02-23,0.12,9.8,73.6
2010-02-24,0.11,9.8,73.6
2010-02-25,0.12,9.8,73.6
2010-02-26,0.13,9.8,73.6
2010-03-01,0.14,9.9,73.6
2010-03-02,0.14,9.9,73.6
2010-03-03,0.15,9.9,73.6
2010-03-04,0.16,9.9,73.6
2010-03-05,0.17,9.9,73.6
2010-03-08,0.15,9.9,73.6
2010-03-09,0.14,9.9,73.6
2010-03-10,0.14,9.9,73.6
2010-03-11,0.15,9.9,73.6
2010-03-12,0.17,9.9,73.6
2010-03-15,0.2,9.9,73.6
2010-03-16,0.2,9.9,73.6
2010-03-17,0.18,9.9,73.6
2010-03-18,0.18,9.9,73.6
2010-03-19,0.18,9.9,73.6
2010-03-22,0.18,9.9,73.6
2010-03-23,0.17,9.9,73.6
2010-03-24,0.17,9.9,73.6
2010-03-25,0.17,9.9,73.6
2010-03-26,0.17,9.9,73.6
2010-03-29,0.16,9.9,73.6
2010-03-30,0.16,9.9,73.6
2010-03-31,0.09,9.9,73.6
2010-04-01,0.17,9.9,72.2
2010-04-02,0.2,9.9,72.2
2010-04-05,0.2,9.9,72.2
2010-04-06,0.2,9.9,72.2
2010-04-07,0.19,9.9,72.2
2010-04-08,0.19,9.9,72.2
2010-04-09,0.19,9.9,72.2
2010-04-12,0.19,9.9,72.2
2010-04-13,0.2,9.9,72.2
2010-04-14,0.2,9.9,72.2
2010-04-15,0.22,9.9,72.2
2010-04-16,0.21,9.9,72.2
2010-04-19,0.2,9.9,72.2
2010-04-20,0.2,9.9,72.2
2010-04-21,0.2,9.9,72.2
2010-04-22,0.2,9.9,72.2
2010-04-23,0.2,9.9,72.2
2010-04-26,0.2,9.9,72.2
2010-04-27,0.2,9.9,72.2
2010-04-28,0.2,9.9,72.2
2010-04-29,0.19,9.9,72.2
2010-04-30,0.2,9.9,72.2
2010-05-03,0.2,9.6,73.6
2010-05-04,0.21,9.6,73.6
2010-05-05,0.21,9.6,73.6
2010-05-06,0.2,9.6,73.6
2010-05-07,0.2,9.6,73.6
2010-05-10,0.2,9.6,73.6
2010-05-11,0.2,9.6,73.6
2010-05-12,0.2,9.6,73.6
2010-05-13,0.2,9.6,73.6
2010-05-14,0.2,9.6,73.6
2010-05-17,0.21,9.6,73.6
2010-05-18,0.21,9.6,73.6
2010-05-19,0.2,9.6,73.6
2010-05-20,0.2,9.6,73.6
2010-05-21,0.2,9.6,73.6
2010-05-24,0.21,9.6,73.6
2010-05-25,0.21,9.6,73.6
2010-05-26,0.2,9.6,73.6
2010-05-27,0.2,9.6,73.6
2010-05-28,0.19,9.6,73.6
2010-05-31,,9.6,73.6
2010-06-01,0.2,9.4,76.0
2010-06-02,0.2,9.4,76.0
2010-06-03,0.19,9.4,76.0
2010-06-04,0.19,9.4,76.0
2010-06-07,0.19,9.4,76.0
2010-06-08,0.19,9.4,76.0
2010-06-09,0.18,9.4,76.0
2010-06-10,0.18,9.4,76.0
2010-06-11,0.18,9.4,76.0
2010-06-14,0.18,9.4,76.0
2010-06-15,0.19,9.4,76.0
2010-06-16,0.19,9.4,76.0
2010-06-17,0.19,9.4,76.0
2010-06-18,0.18,9.4,76.0
2010-06-21,0.17,9.4,76.0
2010-06-22,0.18,9.4,76.0
2010-06-23,0.17,9.4,76.0
2010-06-24,0.16,9.4,76.0
2010-06-25,0.16,9.4,76.0
2010-06-28,0.17,9.4,76.0
2010-06-29,0.15,9.4,76.0
2010-06-30,0.09,9.4,76.0
2010-07-01,0.17,9.4,67.8
2010-07-02,0.18,9.4,67.8
2010-07-05,,9.4,67.8
2010-07-06,0.18,9.4,67.8
2010-07-07,0.18,9.4,67.8
2010-07-08,0.17,9.4,67.8
2010-07-09,0.18,9.4,67.8
2010-07-12,0.17,9.4,67.8
2010-07-13,0.17,9.4,67.8
2010-07-14,0.17,9.4,67.8
2010-07-15,0.19,9.4,67.8
2010-07-16,0.19,9.4,67.8
2010-07-19,0.19,9.4,67.8
2010-07-20,0.18,9.4,67.8
2010-07-21,0.18,9.4,67.8
2010-07-22,0.18,9.4,67.8
2010-07-23,0.19,9.4,67.8
2010-07-26,0.19,9.4,67.8
2010-07-27,0.19,9.4,67.8
2010-07-28,0.2,9.4,67.8
2010-07-29,0.19,9.4,67.8
2010-07-30,0.18,9.4,67.8
2010-08-02,0.19,9.5,68.9
2010-08-03,0.19,9.5,68.9
2010-08-04,0.19,9.5,68.9
2010-08-05,0.19,9.5,68.9
2010-08-06,0.18,9.5,68.9
2010-08-09,0.18,9.5,68.9
2010-08-10,0.18,9.5,68.9
2010-08-11,0.17,9.5,68.9
2010-08-12,0.18,9.5,68.9
2010-08-13,0.19,9.5,68.9
2010-08-16,0.2,9.5,68.9
2010-08-17,0.2,9.5,68.9
2010-08-18,0.19,9.5,68.9
2010-08-19,0.19,9.5,68.9
2010-08-20,0.2,9.5,68.9
2010-08-23,0.19,9.5,68.9
2010-08-24,0.19,9.5,68.9
2010-08-25,0.19,9.5,68.9
2010-08-26,0.19,9.5,68.9
2010-08-27,0.19,9.5,68.9
2010-08-30,0.19,9.5,68.9
2010-08-31,0.21,9.5,68.9
2010-09-01,0.19,9.5,68.2
2010-09-02,0.19,9.5,68.2
2010-09-03,0.19,9.5,68.2
2010-09-06,,9.5,68.2
2010-09-07,0.2,9.5,68.2
2010-09-08,0.19,9.5,68.2
2010-09-09,0.18,9.5,68.2
2010-09-10,0.18,9.5,68.2
2010-09-13,0.18,9.5,68.2
2010-09-14,0.19,9.5,68.2
2010-09-15,0.21,9.5,68.2
2010-09-16,0.21,9.5,68.2
2010-09-17,0.21,9.5,68.2
2010-09-20,0.21,9.5,68.2
2010-09-21,0.2,9.5,68.2
2010-09-22,0.21,9.5,68.2
2010-09-23,0.2,9.5,68.2
2010-09-24,0.21,9.5,68.2
2010-09-27,0.19,9.5,68.2
2010-09-28,0.19,9.5,68.2
2010-09-29,0.19,9.5,68.2
2010-09-30,0.15,9.5,68.2
2010-10-01,0.2,9.4,67.7
2010-10-04,0.2,9.4,67.7
2010-10-05,0.2,9.4,67.7
2010-10-06,0.19,9.4,67.7
2010-10-07,0.18,9.4,67.7
2010-10-08,0.18,9.4,67.7
2010-10-11,,9.4,67.7
2010-10-12,0.18,9.4,67.7
2010-10-13,0.18,9.4,67.7
2010-10-14,0.19,9.4,67.7
2010-10-15,0.2,9.4,67.7
2010-10-18,0.19,9.4,67.7
2010-10-19,0.19,9.4,67.7
2010-10-20,0.19,9.4,67.7
2010-10-21,0.19,9.4,67.7
2010-10-22,0.19,9.4,67.7
2010-10-25,0.19,9.4,67.7
2010-10-26,0.19,9.4,67.7
2010-10-27,0.19,9.4,67.7
2010-10-28,0.19,9.4,67.7
2010-10-29,0.2,9.4,67.7
2010-11-01,0.2,9.8,71.6
2010-11-02,0.2,9.8,71.6
2010-11-03,0.2,9.8,71.6
2010-11-04,0.19,9.8,71.6
2010-11-05,0.18,9.8,71.6
2010-11-08,0.18,9.8,71.6
2010-11-09,0.17,9.8,71.6
2010-11-10,0.17,9.8,71.6
2010-11-11,,9.8,71.6
2010-11-12,0.19,9.8,71.6
2010-11-15,0.21,9.8,71.6
2010-11-16,0.21,9.8,71.6
2010-11-17,0.2,9.8,71.6
2010-11-18,0.2,9.8,71.6
2010-11-19,0.21,9.8,71.6
2010-11-22,0.19,9.8,71.6
2010-11-23,0.2,9.8,71.6
2010-11-24,0.2,9.8,71.6
2010-11-25,,9.8,71.6
2010-11-26,0.2,9.8,71.6
2010-11-29,0.2,9.8,71.6
2010-11-30,0.2,9.8,71.6
2010-12-01,0.2,9.3,74.5
2010-12-02,0.19,9.3,74.5
2010-12-03,0.18,9.3,74.5
2010-12-06,0.18,9.3,74.5
2010-12-07,0.17,9.3,74.5
2010-12-08,0.17,9.3,74.5
2010-12-09,0.16,9.3,74.5
2010-12-10,0.16,9.3,74.5
2010-12-13,0.17,9.3,74.5
2010-12-14,0.19,9.3,74.5
2010-12-15,0.2,9.3,74.5
2010-12-16,0.2,9.3,74.5
2010-12-17,0.2,9.3,74.5
2010-12-20,0.21,9.3,74.5
2010-12-21,0.2,9.3,74.5
2010-12-22,0.19,9.3,74.5
2010-12-23,0.19,9.3,74.5
2010-12-24,0.19,9.3,74.5
2010-12-27,0.19,9.3,74.5
2010-12-28,0.18,9.3,74.5
2010-12-29,0.18,9.3,74.5
2010-12-30,0.19,9.3,74.5
2010-12-31,0.13,9.3,74.5
2011-01-03,0.19,9.1,74.2
2011-01-04,0.18,9.1,74.2
2011-01-05,0.18,9.1,74.2
2011-01-06,0.17,9.1,74.2
2011-01-07,0.17,9.1,74.2
2011-01-10,0.17,9.1,74.2
2011-01-11,0.17,9.1,74.2
2011-01-12,0.16,9.1,74.2
2011-01-13,0.16,9.1,74.2
2011-01-14,0.16,9.1,74.2
2011-01-17,,9.1,74.2
2011-01-18,0.19,9.1,74.2
2011-01-19,0.18,9.1,74.2
2011-01-20,0.18,9.1,74.2
2011-01-21,0.17,9.1,74.2
2011-01-24,0.18,9.1,74.2
2011-01-25,0.17,9.1,74.2
2011-01-26,0.17,9.1,74.2
2011-01-27,0.17,9.1,74.2
2011-01-28,0.17,9.1,74.2
2011-01-31,0.17,9.1,74.2
2011-02-01,0.18,9.0,77.5
2011-02-02,0.18,9.0,77.5
2011-02-03,0.17,9.0,77.5
2011-02-04,0.17,9.0,77.5
2011-02-07,0.17,9.0,77.5
2011-02-08,0.16,9.0,77.5
2011-02-09,0.15,9.0,77.5
2011-02-10,0.15,9.0,77.5
2011-02-11,0.15,9.0,77.5
2011-02-14,0.15,9.0,77.5
2011-02-15,0.16,9.0,77.5
2011-02-16,0.15,9.0,77.5
2011-02-17,0.15,9.0,77.5
2011-02-18,0.15,9.0,77.5
2011-02-21,,9.0,77.5
2011-02-22,0.15,9.0,77.5
2011-02-23,0.15,9.0,77.5
2011-02-24,0.15,9.0,77.5
2011-02-25,0.15,9.0,77.5
2011-02-28,0.16,9.0,77.5
2011-03-01,0.15,9.0,67.5
2011-03-02,0.16,9.0,67.5
2011-03-03,0.15,9.0,67.5
2011-03-04,0.15,9.0,67.5
2011-03-07,0.14,9.0,67.5
2011-03-08,0.14,9.0,67.5
2011-03-09,0.14,9.0,67.5
2011-03-10,0.14,9.0,67.5
2011-03-11,0.13,9.0,67.5
2011-03-14,0.14,9.0,67.5
2011-03-15,0.14,9.0,67.5
2011-03-16,0.14,9.0,67.5
2011-03-17,0.14,9.0,67.5
2011-03-18,0.15,9.0,67.5
2011-03-21,0.14,9.0,67.5
2011-03-22,0.14,9.0,67.5
2011-03-23,0.14,9.0,67.5
2011-03-24,0.13,9.0,67.5
2011-03-25,0.13,9.0,67.5
2011-03-28,0.13,9.0,67.5
2011-03-29,0.13,9.0,67.5
2011-03-30,0.13,9.0,67.5
2011-03-31,0.1,9.0,67.5
2011-04-01,0.11,9.1,69.8
2011-04-04,0.09,9.1,69.8
2011-04-05,0.09,9.1,69.8
2011-04-06,0.1,9.1,69.8
2011-04-07,0.1,9.1,69.8
2011-04-08,0.09,9.1,69.8
2011-04-11,0.09,9.1,69.8
2011-04-12,0.08,9.1,69.8
2011-04-13,0.08,9.1,69.8
2011-04-14,0.09,9.1,69.8
2011-04-15,0.12,9.1,69.8
2011-04-18,0.1,9.1,69.8
2011-04-19,0.11,9.1,69.8
2011-04-20,0.1,9.1,69.8
2011-04-21,0.1,9.1,69.8
2011-04-22,0.1,9.1,69.8
2011-04-25,0.1,9.1,69.8
2011-04-26,0.09,9.1,69.8
2011-04-27,0.09,9.1,69.8
2011-04-28,0.09,9.1,69.8
2011-04-29,0.09,9.1,69.8
2011-05-02,0.09,9.0,74.3
2011-05-03,0.09,9.0,74.3
2011-05-04,0.09,9.0,74.3
2011-05-05,0.09,9.0,74.3
2011-05-06,0.09,9.0,74.3
2011-05-09,0.09,9.0,74.3
2011-05-10,0.09,9.0,74.3
2011-05-11,0.09,9.0,74.3
2011-05-12,0.09,9.0,74.3
2011-05-13,0.09,9.0,74.3
2011-05-16,0.1,9.0,74.3
2011-05-17,0.09,9.0,74.3
2011-05-18,0.1,9.0,74.3
2011-05-19,0.09,9.0,74.3
2011-05-20,0.1,9.0,74.3
2011-05-23,0.1,9.0,74.3
2011-05-24,0.1,9.0,74.3
2011-05-25,0.09,9.0,74.3
2011-05-26,0.09,9.0,74.3
2011-05-27,0.1,9.0,74.3
2011-05-30,,9.0,74.3
2011-05-31,0.1,9.0,74.3
2011-06-01,0.1,9.1,71.5
2011-06-02,0.1,9.1,71.5
2011-06-03,0.11,9.1,71.5
2011-06-06,0.1,9.1,71.5
2011-06-07,0.09,9.1,71.5
2011-06-08,0.09,9.1,71.5
2011-06-09,0.09,9.1,71.5
2011-06-10,0.09,9.1,71.5
2011-06-13,0.1,9.1,71.5
2011-06-14,0.1,9.1,71.5
2011-06-15,0.1,9.1,71.5
2011-06-16,0.1,9.1,71.5
2011-06-17,0.1,9.1,71.5
2011-06-20,0.09,9.1,71.5
2011-06-21,0.09,9.1,71.5
2011-06-22,0.09,9.1,71.5
2011-06-23,0.08,9.1,71.5
2011-06-24,0.08,9.1,71.5
2011-06-27,0.08,9.1,71.5
2011-06-28,0.08,9.1,71.5
2011-06-29,0.07,9.1,71.5
2011-06-30,0.07,9.1,71.5
2011-07-01,0.08,9.0,63.7
2011-07-04,,9.0,63.7
2011-07-05,0.08,9.0,63.7
2011-07-06,0.07,9.0,63.7
2011-07-07,0.07,9.0,63.7
2011-07-08,0.07,9.0,63.7
2011-07-11,0.07,9.0,63.7
2011-07-12,0.06,9.0,63.7
2011-07-13,0.06,9.0,63.7
2011-07-14,0.06,9.0,63.7
2011-07-15,0.06,9.0,63.7
2011-07-18,0.06,9.0,63.7
2011-07-19,0.06,9.0,63.7
2011-07-20,0.06,9.0,63.7
2011-07-21,0.06,9.0,63.7
2011-07-22,0.06,9.0,63.7
2011-07-25,0.06,9.0,63.7
2011-07-26,0.06,9.0,63.7
2011-07-27,0.07,9.0,63.7
2011-07-28,0.08,9.0,63.7
2011-07-29,0.11,9.0,63.7
2011-08-01,0.17,9.0,55.8
2011-08-02,0.16,9.0,55.8
2011-08-03,0.12,9.0,55.8
2011-08-04,0.09,9.0,55.8
2011-08-05,0.08,9.0,55.8
2011-08-08,0.11,9.0,55.8
2011-08-09,0.1,9.0,55.8
2011-08-10,0.1,9.0,55.8
2011-08-11,0.09,9.0,55.8
2011-08-12,0.1,9.0,55.8
2011-08-15,0.1,9.0,55.8
2011-08-16,0.09,9.0,55.8
2011-08-17,0.09,9.0,55.8
2011-08-18,0.09,9.0,55.8
2011-08-19,0.09,9.0,55.8
2011-08-22,0.09,9.0,55.8
2011-08-23,0.08,9.0,55.8
2011-08-24,0.08,9.0,55.8
2011-08-25,0.08,9.0,55.8
2011-08-26,0.09,9.0,55.8
2011-08-29,0.09,9.0,55.8
2011-08-30,0.08,9.0,55.8
2011-08-31,0.08,9.0,55.8
2011-09-01,0.08,9.0,59.5
2011-09-02,0.08,9.0,59.5
2011-09-05,,9.0,59.5
2011-09-06,0.09,9.0,59.5
2011-09-07,0.09,9.0,59.5
2011-09-08,0.09,9.0,59.5
2011-09-09,0.09,9.0,59.5
2011-09-12,0.09,9.0,59.5
2011-09-13,0.09,9.0,59.5
2011-09-14,0.08,9.0,59.5
2011-09-15,0.09,9.0,59.5
2011-09-16,0.09,9.0,59.5
2011-09-19,0.09,9.0,59.5
2011-09-20,0.09,9.0,59.5
2011-09-21,0.08,9.0,59.5
2011-09-22,0.08,9.0,59.5
2011-09-23,0.08,9.0,59.5
2011-09-26,0.08,9.0,59.5
2011-09-27,0.08,9.0,59.5
2011-09-28,0.08,9.0,59.5
2011-09-29,0.08,9.0,59.5
2011-09-30,0.06,9.0,59.5
2011-10-03,0.08,8.8,60.8
2011-10-04,0.07,8.8,60.8
2011-10-05,0.07,8.8,60.8
2011-10-06,0.07,8.8,60.8
2011-10-07,0.07,8.8,60.8
2011-10-10,,8.8,60.8
2011-10-11,0.07,8.8,60.8
2011-10-12,0.07,8.8,60.8
2011-10-13,0.07,8.8,60.8
2011-10-14,0.07,8.8,60.8
2011-10-17,0.07,8.8,60.8
2011-10-18,0.07,8.8,60.8
2011-10-19,0.07,8.8,60.8
2011-10-20,0.07,8.8,60.8
2011-10-21,0.07,8.8,60.8
2011-10-24,0.07,8.8,60.8
2011-10-25,0.07,8.8,60.8
2011-10-26,0.08,8.8,60.8
2011-10-27,0.07,8.8,60.8
2011-10-28,0.07,8.8,60.8
2011-10-31,0.09,8.8,60.8
2011-11-01,0.08,8.6,63.7
2011-11-02,0.08,8.6,63.7
2011-11-03,0.09,8.6,63.7
2011-11-04,0.08,8.6,63.7
2011-11-07,0.08,8.6,63.7
2011-11-08,0.08,8.6,63.7
2011-11-09,0.08,8.6,63.7
2011-11-10,0.08,8.6,63.7
2011-11-11,,8.6,63.7
2011-11-14,0.08,8.6,63.7
2011-11-15,0.09,8.6,63.7
2011-11-16,0.08,8.6,63.7
2011-11-17,0.08,8.6,63.7
2011-11-18,0.08,8.6,63.7
2011-11-21,0.08,8.6,63.7
2011-11-22,0.08,8.6,63.7
2011-11-23,0.09,8.6,63.7
2011-11-24,,8.6,63.7
2011-11-25,0.07,8.6,63.7
2011-11-28,0.08,8.6,63.7
2011-11-29,0.08,8.6,63.7
2011-11-30,0.1,8.6,63.7
2011-12-01,0.08,8.5,69.9
2011-12-02,0.08,8.5,69.9
2011-12-05,0.08,8.5,69.9
2011-12-06,0.08,8.5,69.9
2011-12-07,0.08,8.5,69.9
2011-12-08,0.07,8.5,69.9
2011-12-09,0.07,8.5,69.9
2011-12-12,0.07,8.5,69.9
2011-12-13,0.07,8.5,69.9
2011-12-14,0.07,8.5,69.9
2011-12-15,0.07,8.5,69.9
2011-12-16,0.07,8.5,69.9
2011-12-19,0.07,8.5,69.9
2011-12-20,0.07,8.5,69.9
2011-12-21,0.07,8.5,69.9
2011-12-22,0.07,8.5,69.9
2011-12-23,0.08,8.5,69.9
2011-12-26,,8.5,69.9
2011-12-27,0.07,8.5,69.9
2011-12-28,0.07,8.5,69.9
2011-12-29,0.07,8.5,69.9
2011-12-30,0.04,8.5,69.9
2012-01-02,,8.3,75.0
2012-01-03,0.07,8.3,75.0
2012-01-04,0.07,8.3,75.0
2012-01-05,0.07,8.3,75.0
2012-01-06,0.07,8.3,75.0
2012-01-09,0.08,8.3,75.0
2012-01-10,0.08,8.3,75.0
2012-01-11,0.08,8.3,75.0
2012-01-12,0.08,8.3,75.0
2012-01-13,0.09,8.3,75.0
2012-01-16,,8.3,75.0
2012-01-17,0.09,8.3,75.0
2012-01-18,0.09,8.3,75.0
2012-01-19,0.1,8.3,75.0
2012-01-20,0.09,8.3,75.0
2012-01-23,0.09,8.3,75.0
2012-01-24,0.09,8.3,75.0
2012-01-25,0.08,8.3,75.0
2012-01-26,0.08,8.3,75.0
2012-01-27,0.09,8.3,75.0
2012-01-30,0.09,8.3,75.0
2012-01-31,0.11,8.3,75.0
2012-02-01,0.11,8.3,75.3
2012-02-02,0.11,8.3,75.3
2012-02-03,0.11,8.3,75.3
2012-02-06,0.11,8.3,75.3
2012-02-07,0.11,8.3,75.3
2012-02-08,0.11,8.3,75.3
2012-02-09,0.11,8.3,75.3
2012-02-10,0.12,8.3,75.3
2012-02-13,0.12,8.3,75.3
2012-02-14,0.12,8.3,75.3
2012-02-15,0.12,8.3,75.3
2012-02-16,0.11,8.3,75.3
2012-02-17,0.09,8.3,75.3
2012-02-20,,8.3,75.3
2012-02-21,0.1,8.3,75.3
2012-02-22,0.08,8.3,75.3
2012-02-23,0.08,8.3,75.3
2012-02-24,0.09,8.3,75.3
2012-02-27,0.1,8.3,75.3
2012-02-28,0.1,8.3,75.3
2012-02-29,0.1,8.3,75.3
2012-03-01,0.11,8.2,76.2
2012-03-02,0.11,8.2,76.2
2012-03-05,0.11,8.2,76.2
2012-03-06,0.11,8.2,76.2
2012-03-07,0.11,8.2,76.2
2012-03-08,0.11,8.2,76.2
2012-03-09,0.12,8.2,76.2
2012-03-12,0.12,8.2,76.2
2012-03-13,0.12,8.2,76.2
2012-03-14,0.13,8.2,76.2
2012-03-15,0.14,8.2,76.2
2012-03-16,0.15,8.2,76.2
2012-03-19,0.15,8.2,76.2
2012-03-20,0.15,8.2,76.2
2012-03-21,0.15,8.2,76.2
2012-03-22,0.14,8.2,76.2
2012-03-23,0.14,8.2,76.2
2012-03-26,0.14,8.2,76.2
2012-03-27,0.14,8.2,76.2
2012-03-28,0.13,8.2,76.2
2012-03-29,0.13,8.2,76.2
2012-03-30,0.09,8.2,76.2
2012-04-02,0.15,8.2,76.4
2012-04-03,0.15,8.2,76.4
2012-04-04,0.15,8.2,76.4
2012-04-05,0.15,8.2,76.4
2012-04-06,0.12,8.2,76.4
2012-04-09,0.16,8.2,76.4
2012-04-10,0.15,8.2,76.4
2012-04-11,0.16,8.2,76.4
2012-04-12,0.15,8.2,76.4
2012-04-13,0.15,8.2,76.4
2012-04-16,0.15,8.2,76.4
2012-04-17,0.16,8.2,76.4
2012-04-18,0.15,8.2,76.4
2012-04-19,0.13,8.2,76.4
2012-04-20,0.12,8.2,76.4
2012-04-23,0.13,8.2,76.4
2012-04-24,0.14,8.2,76.4
2012-04-25,0.15,8.2,76.4
2012-04-26,0.14,8.2,76.4
2012-04-27,0.13,8.2,76.4
2012-04-30,0.16,8.2,76.4
2012-05-01,0.16,8.2,79.3
2012-05-02,0.15,8.2,79.3
2012-05-03,0.15,8.2,79.3
2012-05-04,0.16,8.2,79.3
2012-05-07,0.16,8.2,79.3
2012-05-08,0.16,8.2,79.3
2012-05-09,0.15,8.2,79.3
2012-05-10,0.15,8.2,79.3
2012-05-11,0.15,8.2,79.3
2012-05-14,0.16,8.2,79.3
2012-05-15,0.16,8.2,79.3
2012-05-16,0.16,8.2,79.3
2012-05-17,0.16,8.2,79.3
2012-05-18,0.16,8.2,79.3
2012-05-21,0.16,8.2,79.3
2012-05-22,0.16,8.2,79.3
2012-05-23,0.15,8.2,79.3
2012-05-24,0.15,8.2,79.3
2012-05-25,0.15,8.2,79.3
2012-05-28,,8.2,79.3
2012-05-29,0.16,8.2,79.3
2012-05-30,0.16,8.2,79.3
2012-05-31,0.16,8.2,79.3
2012-06-01,0.16,8.2,73.2
2012-06-04,0.17,8.2,73.2
2012-06-05,0.17,8.2,73.2
2012-06-06,0.16,8.2,73.2
2012-06-07,0.16,8.2,73.2
2012-06-08,0.17,8.2,73.2
2012-06-11,0.17,8.2,73.2
2012-06-12,0.16,8.2,73.2
2012-06-13,0.17,8.2,73.2
2012-06-14,0.17,8.2,73.2
2012-06-15,0.18,8.2,73.2
2012-06-18,0.17,8.2,73.2
2012-06-19,0.17,8.2,73.2
2012-06-20,0.16,8.2,73.2
2012-06-21,0.17,8.2,73.2
2012-06-22,0.17,8.2,73.2
2012-06-25,0.17,8.2,73.2
2012-06-26,0.16,8.2,73.2
2012-06-27,0.15,8.2,73.2
2012-06-28,0.15,8.2,73.2
2012-06-29,0.09,8.2,73.2
2012-07-02,0.18,8.2,72.3
2012-07-03,0.17,8.2,72.3
2012-07-04,,8.2,72.3
2012-07-05,0.17,8.2,72.3
2012-07-06,0.17,8.2,72.3
2012-07-09,0.17,8.2,72.3
2012-07-10,0.17,8.2,72.3
2012-07-11,0.17,8.2,72.3
2012-07-12,0.18,8.2,72.3
2012-07-13,0.19,8.2,72.3
2012-07-16,0.18,8.2,72.3
2012-07-17,0.17,8.2,72.3
2012-07-18,0.16,8.2,72.3
2012-07-19,0.13,8.2,72.3
2012-07-20,0.13,8.2,72.3
2012-07-23,0.14,8.2,72.3
2012-07-24,0.15,8.2,72.3
2012-07-25,0.15,8.2,72.3
2012-07-26,0.14,8.2,72.3
2012-07-27,0.14,8.2,72.3
2012-07-30,0.14,8.2,72.3
2012-07-31,0.13,8.2,72.3
2012-08-01,0.14,8.1,74.3
2012-08-02,0.14,8.1,74.3
2012-08-03,0.14,8.1,74.3
2012-08-06,0.14,8.1,74.3
2012-08-07,0.13,8.1,74.3
2012-08-08,0.13,8.1,74.3
2012-08-09,0.13,8.1,74.3
2012-08-10,0.13,8.1,74.3
2012-08-13,0.13,8.1,74.3
2012-08-14,0.13,8.1,74.3
2012-08-15,0.13,8.1,74.3
2012-08-16,0.13,8.1,74.3
2012-08-17,0.13,8.1,74.3
2012-08-20,0.13,8.1,74.3
2012-08-21,0.13,8.1,74.3
2012-08-22,0.13,8.1,74.3
2012-08-23,0.13,8.1,74.3
2012-08-24,0.13,8.1,74.3
2012-08-27,0.13,8.1,74.3
2012-08-28,0.13,8.1,74.3
2012-08-29,0.13,8.1,74.3
2012-08-30,0.14,8.1,74.3
2012-08-31,0.13,8.1,74.3
2012-09-03,,7.8,78.3
2012-09-04,0.14,7.8,78.3
2012-09-05,0.16,7.8,78.3
2012-09-06,0.16,7.8,78.3
2012-09-07,0.15,7.8,78.3
2012-09-10,0.15,7.8,78.3
2012-09-11,0.15,7.8,78.3
2012-09-12,0.15,7.8,78.3
2012-09-13,0.15,7.8,78.3
2012-09-14,0.16,7.8,78.3
2012-09-17,0.16,7.8,78.3
2012-09-18,0.16,7.8,78.3
2012-09-19,0.15,7.8,78.3
2012-09-20,0.16,7.8,78.3
2012-09-21,0.15,7.8,78.3
2012-09-24,0.16,7.8,78.3
2012-09-25,0.15,7.8,78.3
2012-09-26,0.15,7.8,78.3
2012-09-27,0.14,7.8,78.3
2012-09-28,0.09,7.8,78.3
2012-10-01,0.15,7.8,82.6
2012-10-02,0.16,7.8,82.6
2012-10-03,0.16,7.8,82.6
2012-10-04,0.15,7.8,82.6
2012-10-05,0.15,7.8,82.6
2012-10-08,,7.8,82.6
2012-10-09,0.16,7.8,82.6
2012-10-10,0.16,7.8,82.6
2012-10-11,0.16,7.8,82.6
2012-10-12,0.16,7.8,82.6
2012-10-15,0.16,7.8,82.6
2012-10-16,0.16,7.8,82.6
2012-10-17,0.15,7.8,82.6
2012-10-18,0.15,7.8,82.6
2012-10-19,0.16,7.8,82.6
2012-10-22,0.15,7.8,82.6
2012-10-23,0.15,7.8,82.6
2012-10-24,0.17,7.8,82.6
2012-10-25,0.16,7.8,82.6
2012-10-26,0.16,7.8,82.6
2012-10-29,0.17,7.8,82.6
2012-10-30,0.17,7.8,82.6
2012-10-31,0.18,7.8,82.6
2012-11-01,0.17,7.7,82.7
2012-11-02,0.16,7.7,82.7
2012-11-05,0.17,7.7,82.7
2012-11-06,0.16,7.7,82.7
2012-11-07,0.16,7.7,82.7
2012-11-08,0.16,7.7,82.7
2012-11-09,0.16,7.7,82.7
2012-11-12,,7.7,82.7
2012-11-13,0.16,7.7,82.7
2012-11-14,0.16,7.7,82.7
2012-11-15,0.16,7.7,82.7
2012-11-16,0.16,7.7,82.7
2012-11-19,0.16,7.7,82.7
2012-11-20,0.16,7.7,82.7
2012-11-21,0.16,7.7,82.7
2012-11-22,,7.7,82.7
2012-11-23,0.16,7.7,82.7
2012-11-26,0.16,7.7,82.7
2012-11-27,0.16,7.7,82.7
2012-11-28,0.16,7.7,82.7
2012-11-29,0.16,7.7,82.7
2012-11-30,0.16,7.7,82.7
2012-12-03,0.16,7.9,72.9
2012-12-04,0.17,7.9,72.9
2012-12-05,0.16,7.9,72.9
2012-12-06,0.16,7.9,72.9
2012-12-07,0.16,7.9,72.9
2012-12-10,0.16,7.9,72.9
2012-12-11,0.17,7.9,72.9
2012-12-12,0.17,7.9,72.9
2012-12-13,0.16,7.9,72.9
2012-12-14,0.17,7.9,72.9
2012-12-17,0.16,7.9,72.9
2012-12-18,0.17,7.9,72.9
2012-12-19,0.17,7.9,72.9
2012-12-20,0.17,7.9,72.9
2012-12-21,0.17,7.9,72.9
2012-12-24,0.18,7.9,72.9
2012-12-25,,7.9,72.9
2012-12-26,0.17,7.9,72.9
2012-12-27,0.17,7.9,72.9
2012-12-28,0.17,7.9,72.9
2012-12-31,0.09,7.9,72.9
2013-01-01,,8.0,73.8
2013-01-02,0.17,8.0,73.8
2013-01-03,0.17,8.0,73.8
2013-01-04,0.16,8.0,73.8
2013-01-07,0.16,8.0,73.8
2013-01-08,0.15,8.0,73.8
2013-01-09,0.14,8.0,73.8
2013-01-10,0.14,8.0,73.8
2013-01-11,0.14,8.0,73.8
2013-01-14,0.14,8.0,73.8
2013-01-15,0.15,8.0,73.8
2013-01-16,0.14,8.0,73.8
2013-01-17,0.14,8.0,73.8
2013-01-18,0.14,8.0,73.8
2013-01-21,,8.0,73.8
2013-01-22,0.14,8.0,73.8
2013-01-23,0.13,8.0,73.8
2013-01-24,0.15,8.0,73.8
2013-01-25,0.14,8.0,73.8
2013-01-28,0.14,8.0,73.8
2013-01-29,0.12,8.0,73.8
2013-01-30,0.12,8.0,73.8
2013-01-31,0.15,8.0,73.8
2013-02-01,0.14,7.7,77.6
2013-02-04,0.13,7.7,77.6
2013-02-05,0.13,7.7,77.6
2013-02-06,0.13,7.7,77.6
2013-02-07,0.13,7.7,77.6
2013-02-08,0.14,7.7,77.6
2013-02-11,0.14,7.7,77.6
2013-02-12,0.13,7.7,77.6
2013-02-13,0.14,7.7,77.6
2013-02-14,0.14,7.7,77.6
2013-02-15,0.16,7.7,77.6
2013-02-18,,7.7,77.6
2013-02-19,0.15,7.7,77.6
2013-02-20,0.15,7.7,77.6
2013-02-21,0.16,7.7,77.6
2013-02-22,0.16,7.7,77.6
2013-02-25,0.15,7.7,77.6
2013-02-26,0.14,7.7,77.6
2013-02-27,0.14,7.7,77.6
2013-02-28,0.14,7.7,77.6
2013-03-01,0.14,7.5,78.6
2013-03-04,0.16,7.5,78.6
2013-03-05,0.15,7.5,78.6
2013-03-06,0.15,7.5,78.6
2013-03-07,0.16,7.5,78.6
2013-03-08,0.15,7.5,78.6
2013-03-11,0.16,7.5,78.6
2013-03-12,0.15,7.5,78.6
2013-03-13,0.14,7.5,78.6
2013-03-14,0.15,7.5,78.6
2013-03-15,0.16,7.5,78.6
2013-03-18,0.16,7.5,78.6
2013-03-19,0.15,7.5,78.6
2013-03-20,0.15,7.5,78.6
2013-03-21,0.16,7.5,78.6
2013-03-22,0.15,7.5,78.6
2013-03-25,0.15,7.5,78.6
2013-03-26,0.14,7.5,78.6
2013-03-27,0.12,7.5,78.6
2013-03-28,0.13,7.5,78.6
2013-03-29,0.09,7.5,78.6
2013-04-01,0.16,7.6,76.4
2013-04-02,0.15,7.6,76.4
2013-04-03,0.14,7.6,76.4
2013-04-04,0.14,7.6,76.4
2013-04-05,0.15,7.6,76.4
2013-04-08,0.15,7.6,76.4
2013-04-09,0.15,7.6,76.4
2013-04-10,0.15,7.6,76.4
2013-04-11,0.15,7.6,76.4
2013-04-12,0.15,7.6,76.4
2013-04-15,0.15,7.6,76.4
2013-04-16,0.15,7.6,76.4
2013-04-17,0.15,7.6,76.4
2013-04-18,0.15,7.6,76.4
2013-04-19,0.15,7.6,76.4
2013-04-22,0.15,7.6,76.4
2013-04-23,0.14,7.6,76.4
2013-04-24,0.13,7.6,76.4
2013-04-25,0.13,7.6,76.4
2013-04-26,0.13,7.6,76.4
2013-04-29,0.13,7.6,76.4
2013-04-30,0.14,7.6,76.4
2013-05-01,0.14,7.5,84.5
2013-05-02,0.15,7.5,84.5
2013-05-03,0.14,7.5,84.5
2013-05-06,0.14,7.5,84.5
2013-05-07,0.12,7.5,84.5
2013-05-08,0.12,7.5,84.5
2013-05-09,0.12,7.5,84.5
2013-05-10,0.12,7.5,84.5
2013-05-13,0.12,7.5,84.5
2013-05-14,0.11,7.5,84.5
2013-05-15,0.12,7.5,84.5
2013-05-16,0.11,7.5,84.5
2013-05-17,0.1,7.5,84.5
2013-05-20,0.1,7.5,84.5
2013-05-21,0.09,7.5,84.5
2013-05-22,0.08,7.5,84.5
2013-05-23,0.08,7.5,84.5
2013-05-24,0.09,7.5,84.5
2013-05-27,,7.5,84.5
2013-05-28,0.09,7.5,84.5
2013-05-29,0.08,7.5,84.5
2013-05-30,0.08,7.5,84.5
2013-05-31,0.09,7.5,84.5
2013-06-03,0.1,7.5,84.1
2013-06-04,0.11,7.5,84.1
2013-06-05,0.09,7.5,84.1
2013-06-06,0.1,7.5,84.1
2013-06-07,0.09,7.5,84.1
2013-06-10,0.09,7.5,84.1
2013-06-11,0.09,7.5,84.1
2013-06-12,0.08,7.5,84.1
2013-06-13,0.09,7.5,84.1
2013-06-14,0.1,7.5,84.1
2013-06-17,0.11,7.5,84.1
2013-06-18,0.12,7.5,84.1
2013-06-19,0.1,7.5,84.1
2013-06-20,0.1,7.5,84.1
2013-06-21,0.1,7.5,84.1
2013-06-24,0.1,7.5,84.1
2013-06-25,0.09,7.5,84.1
2013-06-26,0.09,7.5,84.1
2013-06-27,0.09,7.5,84.1
2013-06-28,0.07,7.5,84.1
2013-07-01,0.1,7.3,85.1
2013-07-02,0.1,7.3,85.1
2013-07-03,0.1,7.3,85.1
2013-07-04,,7.3,85.1
2013-07-05,0.1,7.3,85.1
2013-07-08,0.1,7.3,85.1
2013-07-09,0.1,7.3,85.1
2013-07-10,0.09,7.3,85.1
2013-07-11,0.09,7.3,85.1
2013-07-12,0.09,7.3,85.1
2013-07-15,0.09,7.3,85.1
2013-07-16,0.09,7.3,85.1
2013-07-17,0.09,7.3,85.1
2013-07-18,0.09,7.3,85.1
2013-07-19,0.09,7.3,85.1
2013-07-22,0.09,7.3,85.1
2013-07-23,0.09,7.3,85.1
2013-07-24,0.09,7.3,85.1
2013-07-25,0.09,7.3,85.1
2013-07-26,0.09,7.3,85.1
2013-07-29,0.08,7.3,85.1
2013-07-30,0.09,7.3,85.1
2013-07-31,0.09,7.3,85.1
2013-08-01,0.08,7.2,82.1
2013-08-02,0.09,7.2,82.1
2013-08-05,0.08,7.2,82.1
2013-08-06,0.09,7.2,82.1
2013-08-07,0.09,7.2,82.1
2013-08-08,0.09,7.2,82.1
2013-08-09,0.08,7.2,82.1
2013-08-12,0.08,7.2,82.1
2013-08-13,0.08,7.2,82.1
2013-08-14,0.09,7.2,82.1
2013-08-15,0.08,7.2,82.1
2013-08-16,0.09,7.2,82.1
2013-08-19,0.09,7.2,82.1
2013-08-20,0.09,7.2,82.1
2013-08-21,0.08,7.2,82.1
2013-08-22,0.09,7.2,82.1
2013-08-23,0.08,7.2,82.1
2013-08-26,0.08,7.2,82.1
2013-08-27,0.07,7.2,82.1
2013-08-28,0.07,7.2,82.1
2013-08-29,0.08,7.2,82.1
2013-08-30,0.07,7.2,82.1
2013-09-02,,7.2,77.5
2013-09-03,0.09,7.2,77.5
2013-09-04,0.08,7.2,77.5
2013-09-05,0.08,7.2,77.5
2013-09-06,0.08,7.2,77.5
2013-09-09,0.08,7.2,77.5
2013-09-10,0.08,7.2,77.5
2013-09-11,0.08,7.2,77.5
2013-09-12,0.08,7.2,77.5
2013-09-13,0.08,7.2,77.5
2013-09-16,0.08,7.2,77.5
2013-09-17,0.08,7.2,77.5
2013-09-18,0.08,7.2,77.5
2013-09-19,0.09,7.2,77.5
2013-09-20,0.08,7.2,77.5
2013-09-23,0.09,7.2,77.5
2013-09-24,0.09,7.2,77.5
2013-09-25,0.08,7.2,77.5
2013-09-26,0.08,7.2,77.5
2013-09-27,0.08,7.2,77.5
2013-09-30,0.06,7.2,77.5
2013-10-01,0.08,7.2,73.2
2013-10-02,0.07,7.2,73.2
2013-10-03,0.08,7.2,73.2
2013-10-04,0.08,7.2,73.2
2013-10-07,0.08,7.2,73.2
2013-10-08,0.08,7.2,73.2
2013-10-09,0.09,7.2,73.2
2013-10-10,0.09,7.2,73.2
2013-10-11,0.1,7.2,73.2
2013-10-14,,7.2,73.2
2013-10-15,0.1,7.2,73.2
2013-10-16,0.11,7.2,73.2
2013-10-17,0.1,7.2,73.2
2013-10-18,0.1,7.2,73.2
2013-10-21,0.09,7.2,73.2
2013-10-22,0.08,7.2,73.2
2013-10-23,0.08,7.2,73.2
2013-10-24,0.08,7.2,73.2
2013-10-25,0.08,7.2,73.2
2013-10-28,0.08,7.2,73.2
2013-10-29,0.08,7.2,73.2
2013-10-30,0.08,7.2,73.2
2013-10-31,0.07,7.2,73.2
2013-11-01,0.08,6.9,75.1
2013-11-04,0.08,6.9,75.1
2013-11-05,0.08,6.9,75.1
2013-11-06,0.08,6.9,75.1
2013-11-07,0.08,6.9,75.1
2013-11-08,0.08,6.9,75.1
2013-11-11,,6.9,75.1
2013-11-12,0.08,6.9,75.1
2013-11-13,0.08,6.9,75.1
2013-11-14,0.09,6.9,75.1
2013-11-15,0.09,6.9,75.1
2013-11-18,0.09,6.9,75.1
2013-11-19,0.09,6.9,75.1
2013-11-20,0.09,6.9,75.1
2013-11-21,0.09,6.9,75.1
2013-11-22,0.09,6.9,75.1
2013-11-25,0.09,6.9,75.1
2013-11-26,0.09,6.9,75.1
2013-11-27,0.09,6.9,75.1
2013-11-28,,6.9,75.1
2013-11-29,0.07,6.9,75.1
2013-12-02,0.09,6.7,82.5
2013-12-03,0.09,6.7,82.5
2013-12-04,0.09,6.7,82.5
2013-12-05,0.09,6.7,82.5
2013-12-06,0.09,6.7,82.5
2013-12-09,0.09,6.7,82.5
2013-12-10,0.09,6.7,82.5
2013-12-11,0.08,6.7,82.5
2013-12-12,0.09,6.7,82.5
2013-12-13,0.08,6.7,82.5
2013-12-16,0.09,6.7,82.5
2013-12-17,0.09,6.7,82.5
2013-12-18,0.09,6.7,82.5
2013-12-19,0.09,6.7,82.5
2013-12-20,0.09,6.7,82.5
2013-12-23,0.09,6.7,82.5
2013-12-24,0.08,6.7,82.5
2013-12-25,,6.7,82.5
2013-12-26,0.08,6.7,82.5
2013-12-27,0.08,6.7,82.5
2013-12-30,0.08,6.7,82.5
2013-12-31,0.07,6.7,82.5
2014-01-01,,6.6,81.2
2014-01-02,0.08,6.6,81.2
2014-01-03,0.08,6.6,81.2
2014-01-06,0.08,6.6,81.2
2014-01-07,0.07,6.6,81.2
2014-01-08,0.07,6.6,81.2
2014-01-09,0.07,6.6,81.2
2014-01-10,0.07,6.6,81.2
2014-01-13,0.07,6.6,81.2
2014-01-14,0.07,6.6,81.2
2014-01-15,0.07,6.6,81.2
2014-01-16,0.07,6.6,81.2
2014-01-17,0.07,6.6,81.2
2014-01-20,,6.6,81.2
2014-01-21,0.07,6.6,81.2
2014-01-22,0.07,6.6,81.2
2014-01-23,0.07,6.6,81.2
2014-01-24,0.07,6.6,81.2
2014-01-27,0.07,6.6,81.2
2014-01-28,0.07,6.6,81.2
2014-01-29,0.07,6.6,81.2
2014-01-30,0.07,6.6,81.2
2014-01-31,0.07,6.6,81.2
2014-02-03,0.07,6.7,81.6
2014-02-04,0.07,6.7,81.6
2014-02-05,0.07,6.7,81.6
2014-02-06,0.07,6.7,81.6
2014-02-07,0.06,6.7,81.6
2014-02-10,0.07,6.7,81.6
2014-02-11,0.06,6.7,81.6
2014-02-12,0.07,6.7,81.6
2014-02-13,0.06,6.7,81.6
2014-02-14,0.06,6.7,81.6
2014-02-17,,6.7,81.6
2014-02-18,0.07,6.7,81.6
2014-02-19,0.07,6.7,81.6
2014-02-20,0.07,6.7,81.6
2014-02-21,0.07,6.7,81.6
2014-02-24,0.07,6.7,81.6
2014-02-25,0.07,6.7,81.6
2014-02-26,0.07,6.7,81.6
2014-02-27,0.07,6.7,81.6
2014-02-28,0.06,6.7,81.6
2014-03-03,0.07,6.7,80.0
2014-03-04,0.07,6.7,80.0
2014-03-05,0.08,6.7,80.0
2014-03-06,0.08,6.7,80.0
2014-03-07,0.08,6.7,80.0
2014-03-10,0.08,6.7,80.0
2014-03-11,0.08,6.7,80.0
2014-03-12,0.08,6.7,80.0
2014-03-13,0.08,6.7,80.0
2014-03-14,0.08,6.7,80.0
2014-03-17,0.08,6.7,80.0
2014-03-18,0.08,6.7,80.0
2014-03-19,0.08,6.7,80.0
2014-03-20,0.08,6.7,80.0
2014-03-21,0.08,6.7,80.0
2014-03-24,0.09,6.7,80.0
2014-03-25,0.09,6.7,80.0
2014-03-26,0.08,6.7,80.0
2014-03-27,0.08,6.7,80.0
2014-03-28,0.08,6.7,80.0
2014-03-31,0.06,6.7,80.0
2014-04-01,0.08,6.2,84.1
2014-04-02,0.09,6.2,84.1
2014-04-03,0.08,6.2,84.1
2014-04-04,0.08,6.2,84.1
2014-04-07,0.09,6.2,84.1
2014-04-08,0.08,6.2,84.1
2014-04-09,0.08,6.2,84.1
2014-04-10,0.08,6.2,84.1
2014-04-11,0.09,6.2,84.1
2014-04-14,0.09,6.2,84.1
2014-04-15,0.1,6.2,84.1
2014-04-16,0.09,6.2,84.1
2014-04-17,0.09,6.2,84.1
2014-04-18,0.1,6.2,84.1
2014-04-21,0.1,6.2,84.1
2014-04-22,0.1,6.2,84.1
2014-04-23,0.1,6.2,84.1
2014-04-24,0.1,6.2,84.1
2014-04-25,0.09,6.2,84.1
2014-04-28,0.09,6.2,84.1
2014-04-29,0.1,6.2,84.1
2014-04-30,0.09,6.2,84.1
2014-05-01,0.09,6.3,81.9
2014-05-02,0.09,6.3,81.9
2014-05-05,0.09,6.3,81.9
2014-05-06,0.09,6.3,81.9
2014-05-07,0.08,6.3,81.9
2014-05-08,0.08,6.3,81.9
2014-05-09,0.08,6.3,81.9
2014-05-12,0.08,6.3,81.9
2014-05-13,0.09,6.3,81.9
2014-05-14,0.08,6.3,81.9
2014-05-15,0.09,6.3,81.9
2014-05-16,0.09,6.3,81.9
2014-05-19,0.09,6.3,81.9
2014-05-20,0.09,6.3,81.9
2014-05-21,0.09,6.3,81.9
2014-05-22,0.09,6.3,81.9
2014-05-23,0.09,6.3,81.9
2014-05-26,,6.3,81.9
2014-05-27,0.09,6.3,81.9
2014-05-28,0.09,6.3,81.9
2014-05-29,0.09,6.3,81.9
2014-05-30,0.08,6.3,81.9
2014-06-02,0.09,6.1,82.5
2014-06-03,0.1,6.1,82.5
2014-06-04,0.09,6.1,82.5
2014-06-05,0.09,6.1,82.5
2014-06-06,0.09,6.1,82.5
2014-06-09,0.09,6.1,82.5
2014-06-10,0.09,6.1,82.5
2014-06-11,0.09,6.1,82.5
2014-06-12,0.09,6.1,82.5
2014-06-13,0.1,6.1,82.5
2014-06-16,0.1,6.1,82.5
2014-06-17,0.1,6.1,82.5
2014-06-18,0.1,6.1,82.5
2014-06-19,0.1,6.1,82.5
2014-06-20,0.1,6.1,82.5
2014-06-23,0.1,6.1,82.5
2014-06-24,0.1,6.1,82.5
2014-06-25,0.1,6.1,82.5
2014-06-26,0.1,6.1,82.5
2014-06-27,0.1,6.1,82.5
2014-06-30,0.09,6.1,82.5
2014-07-01,0.1,6.2,81.8
2014-07-02,0.1,6.2,81.8
2014-07-03,0.09,6.2,81.8
2014-07-04,,6.2,81.8
2014-07-07,0.1,6.2,81.8
2014-07-08,0.09,6.2,81.8
2014-07-09,0.09,6.2,81.8
2014-07-10,0.09,6.2,81.8
2014-07-11,0.09,6.2,81.8
2014-07-14,0.09,6.2,81.8
2014-07-15,0.09,6.2,81.8
2014-07-16,0.09,6.2,81.8
2014-07-17,0.09,6.2,81.8
2014-07-18,0.09,6.2,81.8
2014-07-21,0.1,6.2,81.8
2014-07-22,0.09,6.2,81.8
2014-07-23,0.09,6.2,81.8
2014-07-24,0.09,6.2,81.8
2014-07-25,0.09,6.2,81.8
2014-07-28,0.09,6.2,81.8
2014-07-29,0.09,6.2,81.8
2014-07-30,0.09,6.2,81.8
2014-07-31,0.08,6.2,81.8
2014-08-01,0.09,6.1,82.5
2014-08-04,0.09,6.1,82.5
2014-08-05,0.09,6.1,82.5
2014-08-06,0.09,6.1,82.5
2014-08-07,0.09,6.1,82.5
2014-08-08,0.09,6.1,82.5
2014-08-11,0.09,6.1,82.5
2014-08-12,0.09,6.1,82.5
2014-08-13,0.09,6.1,82.5
2014-08-14,0.09,6.1,82.5
2014-08-15,0.09,6.1,82.5
2014-08-18,0.09,6.1,82.5
2014-08-19,0.09,6.1,82.5
2014-08-20,0.09,6.1,82.5
2014-08-21,0.09,6.1,82.5
2014-08-22,0.09,6.1,82.5
2014-08-25,0.09,6.1,82.5
2014-08-26,0.09,6.1,82.5
2014-08-27,0.09,6.1,82.5
2014-08-28,0.09,6.1,82.5
2014-08-29,0.07,6.1,82.5
2014-09-01,,5.9,84.6
2014-09-02,0.09,5.9,84.6
2014-09-03,0.09,5.9,84.6
2014-09-04,0.09,5.9,84.6
2014-09-05,0.09,5.9,84.6
2014-09-08,0.09,5.9,84.6
2014-09-09,0.09,5.9,84.6
2014-09-10,0.09,5.9,84.6
2014-09-11,0.09,5.9,84.6
2014-09-12,0.09,5.9,84.6
2014-09-15,0.09,5.9,84.6
2014-09-16,0.09,5.9,84.6
2014-09-17,0.09,5.9,84.6
2014-09-18,0.09,5.9,84.6
2014-09-19,0.09,5.9,84.6
2014-09-22,0.09,5.9,84.6
2014-09-23,0.09,5.9,84.6
2014-09-24,0.09,5.9,84.6
2014-09-25,0.09,5.9,84.6
2014-09-26,0.09,5.9,84.6
2014-09-29,0.08,5.9,84.6
2014-09-30,0.07,5.9,84.6
2014-10-01,0.09,5.7,86.9
2014-10-02,0.09,5.7,86.9
2014-10-03,0.09,5.7,86.9
2014-10-06,0.09,5.7,86.9
2014-10-07,0.09,5.7,86.9
2014-10-08,0.09,5.7,86.9
2014-10-09,0.08,5.7,86.9
2014-10-10,0.09,5.7,86.9
2014-10-13,,5.7,86.9
2014-10-14,0.09,5.7,86.9
2014-10-15,0.09,5.7,86.9
2014-10-16,0.09,5.7,86.9
2014-10-17,0.09,5.7,86.9
2014-10-20,0.09,5.7,86.9
2014-10-21,0.09,5.7,86.9
2014-10-22,0.09,5.7,86.9
2014-10-23,0.09,5.7,86.9
2014-10-24,0.09,5.7,86.9
2014-10-27,0.09,5.7,86.9
2014-10-28,0.09,5.7,86.9
2014-10-29,0.09,5.7,86.9
2014-10-30,0.09,5.7,86.9
2014-10-31,0.07,5.7,86.9
2014-11-03,0.09,5.8,88.8
2014-11-04,0.1,5.8,88.8
2014-11-05,0.09,5.8,88.8
2014-11-06,0.09,5.8,88.8
2014-11-07,0.09,5.8,88.8
2014-11-10,0.09,5.8,88.8
2014-11-11,,5.8,88.8
2014-11-12,0.09,5.8,88.8
2014-11-13,0.09,5.8,88.8
2014-11-14,0.09,5.8,88.8
2014-11-17,0.1,5.8,88.8
2014-11-18,0.11,5.8,88.8
2014-11-19,0.1,5.8,88.8
2014-11-20,0.1,5.8,88.8
2014-11-21,0.1,5.8,88.8
2014-11-24,0.1,5.8,88.8
2014-11-25,0.1,5.8,88.8
2014-11-26,0.1,5.8,88.8
2014-11-27,,5.8,88.8
2014-11-28,0.08,5.8,88.8
2014-12-01,0.13,5.6,93.6
2014-12-02,0.12,5.6,93.6
2014-12-03,0.12,5.6,93.6
2014-12-04,0.12,5.6,93.6
2014-12-05,0.12,5.6,93.6
2014-12-08,0.12,5.6,93.6
2014-12-09,0.12,5.6,93.6
2014-12-10,0.12,5.6,93.6
2014-12-11,0.12,5.6,93.6
2014-12-12,0.12,5.6,93.6
2014-12-15,0.11,5.6,93.6
2014-12-16,0.12,5.6,93.6
2014-12-17,0.13,5.6,93.6
2014-12-18,0.13,5.6,93.6
2014-12-19,0.13,5.6,93.6
2014-12-22,0.13,5.6,93.6
2014-12-23,0.13,5.6,93.6
2014-12-24,0.13,5.6,93.6
2014-12-25,,5.6,93.6
2014-12-26,0.13,5.6,93.6
2014-12-29,0.13,5.6,93.6
2014-12-30,0.13,5.6,93.6
2014-12-31,0.06,5.6,93.6
2015-01-01,,5.7,98.1
2015-01-02,0.12,5.7,98.1
2015-01-05,0.12,5.7,98.1
2015-01-06,0.12,5.7,98.1
2015-01-07,0.12,5.7,98.1
2015-01-08,0.12,5.7,98.1
2015-01-09,0.12,5.7,98.1
2015-01-12,0.12,5.7,98.1
2015-01-13,0.12,5.7,98.1
2015-01-14,0.12,5.7,98.1
2015-01-15,0.12,5.7,98.1
2015-01-16,0.13,5.7,98.1
2015-01-19,,5.7,98.1
2015-01-20,0.12,5.7,98.1
2015-01-21,0.12,5.7,98.1
2015-01-22,0.12,5.7,98.1
2015-01-23,0.12,5.7,98.1
2015-01-26,0.12,5.7,98.1
2015-01-27,0.11,5.7,98.1
2015-01-28,0.12,5.7,98.1
2015-01-29,0.11,5.7,98.1
2015-01-30,0.06,5.7,98.1
2015-02-02,0.12,5.5,95.4
2015-02-03,0.12,5.5,95.4
2015-02-04,0.11,5.5,95.4
2015-02-05,0.12,5.5,95.4
2015-02-06,0.11,5.5,95.4
2015-02-09,0.12,5.5,95.4
2015-02-10,0.12,5.5,95.4
2015-02-11,0.12,5.5,95.4
2015-02-12,0.12,5.5,95.4
2015-02-13,0.12,5.5,95.4
2015-02-16,,5.5,95.4
2015-02-17,0.12,5.5,95.4
2015-02-18,0.12,5.5,95.4
2015-02-19,0.12,5.5,95.4
2015-02-20,0.12,5.5,95.4
2015-02-23,0.11,5.5,95.4
2015-02-24,0.11,5.5,95.4
2015-02-25,0.11,5.5,95.4
2015-02-26,0.11,5.5,95.4
2015-02-27,0.06,5.5,95.4
2015-03-02,0.12,5.4,93.0
2015-03-03,0.12,5.4,93.0
2015-03-04,0.11,5.4,93.0
2015-03-05,0.11,5.4,93.0
2015-03-06,0.12,5.4,93.0
2015-03-09,0.12,5.4,93.0
2015-03-10,0.12,5.4,93.0
2015-03-11,0.11,5.4,93.0
2015-03-12,0.11,5.4,93.0
2015-03-13,0.11,5.4,93.0
2015-03-16,0.12,5.4,93.0
2015-03-17,0.12,5.4,93.0
2015-03-18,0.11,5.4,93.0
2015-03-19,0.12,5.4,93.0
2015-03-20,0.12,5.4,93.0
2015-03-23,0.12,5.4,93.0
2015-03-24,0.11,5.4,93.0
2015-03-25,0.12,5.4,93.0
2015-03-26,0.11,5.4,93.0
2015-03-27,0.12,5.4,93.0
2015-03-30,0.12,5.4,93.0
2015-03-31,0.06,5.4,93.0
2015-04-01,0.12,5.4,95.9
2015-04-02,0.12,5.4,95.9
2015-04-03,0.12,5.4,95.9
2015-04-06,0.13,5.4,95.9
2015-04-07,0.12,5.4,95.9
2015-04-08,0.12,5.4,95.9
2015-04-09,0.12,5.4,95.9
2015-04-10,0.12,5.4,95.9
2015-04-13,0.13,5.4,95.9
2015-04-14,0.13,5.4,95.9
2015-04-15,0.13,5.4,95.9
2015-04-16,0.13,5.4,95.9
2015-04-17,0.13,5.4,95.9
2015-04-20,0.13,5.4,95.9
2015-04-21,0.13,5.4,95.9
2015-04-22,0.13,5.4,95.9
2015-04-23,0.13,5.4,95.9
2015-04-24,0.13,5.4,95.9
2015-04-27,0.13,5.4,95.9
2015-04-28,0.13,5.4,95.9
2015-04-29,0.13,5.4,95.9
2015-04-30,0.08,5.4,95.9
2015-05-01,0.13,5.6,90.7
2015-05-04,0.13,5.6,90.7
2015-05-05,0.13,5.6,90.7
2015-05-06,0.13,5.6,90.7
2015-05-07,0.13,5.6,90.7
2015-05-08,0.13,5.6,90.7
2015-05-11,0.13,5.6,90.7
2015-05-12,0.13,5.6,90.7
2015-05-13,0.13,5.6,90.7
2015-05-14,0.13,5.6,90.7
2015-05-15,0.13,5.6,90.7
2015-05-18,0.13,5.6,90.7
2015-05-19,0.12,5.6,90.7
2015-05-20,0.12,5.6,90.7
2015-05-21,0.12,5.6,90.7
2015-05-22,0.13,5.6,90.7
2015-05-25,,5.6,90.7
2015-05-26,0.12,5.6,90.7
2015-05-27,0.12,5.6,90.7
2015-05-28,0.12,5.6,90.7
2015-05-29,0.08,5.6,90.7
2015-06-01,0.12,5.3,96.1
2015-06-02,0.12,5.3,96.1
2015-06-03,0.13,5.3,96.1
2015-06-04,0.13,5.3,96.1
2015-06-05,0.13,5.3,96.1
2015-06-08,0.13,5.3,96.1
2015-06-09,0.13,5.3,96.1
2015-06-10,0.13,5.3,96.1
2015-06-11,0.13,5.3,96.1
2015-06-12,0.13,5.3,96.1
2015-06-15,0.13,5.3,96.1
2015-06-16,0.14,5.3,96.1
2015-06-17,0.14,5.3,96.1
2015-06-18,0.14,5.3,96.1
2015-06-19,0.13,5.3,96.1
2015-06-22,0.13,5.3,96.1
2015-06-23,0.13,5.3,96.1
2015-06-24,0.13,5.3,96.1
2015-06-25,0.13,5.3,96.1
2015-06-26,0.13,5.3,96.1
2015-06-29,0.14,5.3,96.1
2015-06-30,0.08,5.3,96.1
2015-07-01,0.13,5.2,93.1
2015-07-02,0.13,5.2,93.1
2015-07-03,0.13,5.2,93.1
2015-07-06,0.13,5.2,93.1
2015-07-07,0.13,5.2,93.1
2015-07-08,0.13,5.2,93.1
2015-07-09,0.13,5.2,93.1
2015-07-10,0.13,5.2,93.1
2015-07-13,0.13,5.2,93.1
2015-07-14,0.13,5.2,93.1
2015-07-15,0.13,5.2,93.1
2015-07-16,0.14,5.2,93.1
2015-07-17,0.13,5.2,93.1
2015-07-20,0.14,5.2,93.1
2015-07-21,0.13,5.2,93.1
2015-07-22,0.13,5.2,93.1
2015-07-23,0.13,5.2,93.1
2015-07-24,0.13,5.2,93.1
2015-07-27,0.14,5.2,93.1
2015-07-28,0.14,5.2,93.1
2015-07-29,0.14,5.2,93.1
2015-07-30,0.14,5.2,93.1
2015-07-31,0.08,5.2,93.1
2015-08-03,0.14,5.1,91.9
2015-08-04,0.14,5.1,91.9
2015-08-05,0.14,5.1,91.9
2015-08-06,0.14,5.1,91.9
2015-08-07,0.14,5.1,91.9
2015-08-10,0.14,5.1,91.9
2015-08-11,0.15,5.1,91.9
2015-08-12,0.15,5.1,91.9
2015-08-13,0.15,5.1,91.9
2015-08-14,0.14,5.1,91.9
2015-08-17,0.15,5.1,91.9
2015-08-18,0.15,5.1,91.9
2015-08-19,0.15,5.1,91.9
2015-08-20,0.15,5.1,91.9
2015-08-21,0.15,5.1,91.9
2015-08-24,0.15,5.1,91.9
2015-08-25,0.15,5.1,91.9
2015-08-26,0.14,5.1,91.9
2015-08-27,0.14,5.1,91.9
2015-08-28,0.14,5.1,91.9
2015-08-31,0.08,5.1,91.9
2015-09-01,0.14,5.0,87.2
2015-09-02,0.14,5.0,87.2
2015-09-03,0.14,5.0,87.2
2015-09-04,0.14,5.0,87.2
2015-09-07,,5.0,87.2
2015-09-08,0.14,5.0,87.2
2015-09-09,0.14,5.0,87.2
2015-09-10,0.14,5.0,87.2
2015-09-11,0.14,5.0,87.2
2015-09-14,0.14,5.0,87.2
2015-09-15,0.14,5.0,87.2
2015-09-16,0.14,5.0,87.2
2015-09-17,0.14,5.0,87.2
2015-09-18,0.14,5.0,87.2
2015-09-21,0.14,5.0,87.2
2015-09-22,0.14,5.0,87.2
2015-09-23,0.14,5.0,87.2
2015-09-24,0.14,5.0,87.2
2015-09-25,0.13,5.0,87.2
2015-09-28,0.13,5.0,87.2
2015-09-29,0.13,5.0,87.2
2015-09-30,0.07,5.0,87.2
2015-10-01,0.13,5.0,90.0
2015-10-02,0.13,5.0,90.0
2015-10-05,0.13,5.0,90.0
2015-10-06,0.13,5.0,90.0
2015-10-07,0.13,5.0,90.0
2015-10-08,0.13,5.0,90.0
2015-10-09,0.13,5.0,90.0
2015-10-12,,5.0,90.0
2015-10-13,0.13,5.0,90.0
2015-10-14,0.13,5.0,90.0
2015-10-15,0.13,5.0,90.0
2015-10-16,0.13,5.0,90.0
2015-10-19,0.13,5.0,90.0
2015-10-20,0.13,5.0,90.0
2015-10-21,0.13,5.0,90.0
2015-10-22,0.12,5.0,90.0
2015-10-23,0.12,5.0,90.0
2015-10-26,0.12,5.0,90.0
2015-10-27,0.12,5.0,90.0
2015-10-28,0.12,5.0,90.0
2015-10-29,0.12,5.0,90.0
2015-10-30,0.07,5.0,90.0
2015-11-02,0.12,5.1,91.3
2015-11-03,0.12,5.1,91.3
2015-11-04,0.12,5.1,91.3
2015-11-05,0.12,5.1,91.3
2015-11-06,0.12,5.1,91.3
2015-11-09,0.12,5.1,91.3
2015-11-10,0.12,5.1,91.3
2015-11-11,,5.1,91.3
2015-11-12,0.12,5.1,91.3
2015-11-13,0.12,5.1,91.3
2015-11-16,0.13,5.1,91.3
2015-11-17,0.13,5.1,91.3
2015-11-18,0.12,5.1,91.3
2015-11-19,0.12,5.1,91.3
2015-11-20,0.12,5.1,91.3
2015-11-23,0.12,5.1,91.3
2015-11-24,0.12,5.1,91.3
2015-11-25,0.12,5.1,91.3
2015-11-26,,5.1,91.3
2015-11-27,0.12,5.1,91.3
2015-11-30,0.08,5.1,91.3
2015-12-01,0.13,5.0,92.6
2015-12-02,0.13,5.0,92.6
2015-12-03,0.13,5.0,92.6
2015-12-04,0.13,5.0,92.6
2015-12-07,0.13,5.0,92.6
2015-12-08,0.13,5.0,92.6
2015-12-09,0.14,5.0,92.6
2015-12-10,0.14,5.0,92.6
2015-12-11,0.14,5.0,92.6
2015-12-14,0.15,5.0,92.6
2015-12-15,0.15,5.0,92.6
2015-12-16,0.15,5.0,92.6
2015-12-17,0.37,5.0,92.6
2015-12-18,0.37,5.0,92.6
2015-12-21,0.36,5.0,92.6
2015-12-22,0.36,5.0,92.6
2015-12-23,0.36,5.0,92.6
2015-12-24,0.36,5.0,92.6
2015-12-25,,5.0,92.6
2015-12-28,0.36,5.0,92.6
2015-12-29,0.36,5.0,92.6
2015-12-30,0.35,5.0,92.6
2015-12-31,0.2,5.0,92.6
2016-01-01,,4.8,92.0
2016-01-04,0.36,4.8,92.0
2016-01-05,0.36,4.8,92.0
2016-01-06,0.36,4.8,92.0
2016-01-07,0.36,4.8,92.0
2016-01-08,0.36,4.8,92.0
2016-01-11,0.36,4.8,92.0
2016-01-12,0.36,4.8,92.0
2016-01-13,0.36,4.8,92.0
2016-01-14,0.36,4.8,92.0
2016-01-15,0.36,4.8,92.0
2016-01-18,,4.8,92.0
2016-01-19,0.36,4.8,92.0
2016-01-20,0.37,4.8,92.0
2016-01-21,0.37,4.8,92.0
2016-01-22,0.38,4.8,92.0
2016-01-25,0.38,4.8,92.0
2016-01-26,0.38,4.8,92.0
2016-01-27,0.38,4.8,92.0
2016-01-28,0.38,4.8,92.0
2016-01-29,0.29,4.8,92.0
2016-02-01,0.38,4.9,91.7
2016-02-02,0.38,4.9,91.7
2016-02-03,0.38,4.9,91.7
2016-02-04,0.38,4.9,91.7
2016-02-05,0.38,4.9,91.7
2016-02-08,0.38,4.9,91.7
2016-02-09,0.38,4.9,91.7
2016-02-10,0.38,4.9,91.7
2016-02-11,0.38,4.9,91.7
2016-02-12,0.38,4.9,91.7
2016-02-15,,4.9,91.7
2016-02-16,0.38,4.9,91.7
2016-02-17,0.37,4.9,91.7
2016-02-18,0.38,4.9,91.7
2016-02-19,0.38,4.9,91.7
2016-02-22,0.38,4.9,91.7
2016-02-23,0.38,4.9,91.7
2016-02-24,0.38,4.9,91.7
2016-02-25,0.37,4.9,91.7
2016-02-26,0.37,4.9,91.7
2016-02-29,0.29,4.9,91.7
2016-03-01,0.36,5.0,91.0
2016-03-02,0.37,5.0,91.0
2016-03-03,0.37,5.0,91.0
2016-03-04,0.36,5.0,91.0
2016-03-07,0.36,5.0,91.0
2016-03-08,0.36,5.0,91.0
2016-03-09,0.36,5.0,91.0
2016-03-10,0.36,5.0,91.0
2016-03-11,0.36,5.0,91.0
2016-03-14,0.36,5.0,91.0
2016-03-15,0.37,5.0,91.0
2016-03-16,0.37,5.0,91.0
2016-03-17,0.37,5.0,91.0
2016-03-18,0.37,5.0,91.0
2016-03-21,0.37,5.0,91.0
2016-03-22,0.37,5.0,91.0
2016-03-23,0.37,5.0,91.0
2016-03-24,0.37,5.0,91.0
2016-03-25,0.37,5.0,91.0
2016-03-28,0.37,5.0,91.0
2016-03-29,0.37,5.0,91.0
2016-03-30,0.37,5.0,91.0
2016-03-31,0.25,5.0,91.0
2016-04-01,0.37,5.1,89.0
2016-04-04,0.37,5.1,89.0
2016-04-05,0.37,5.1,89.0
2016-04-06,0.37,5.1,89.0
2016-04-07,0.37,5.1,89.0
2016-04-08,0.37,5.1,89.0
2016-04-11,0.37,5.1,89.0
2016-04-12,0.37,5.1,89.0
2016-04-13,0.37,5.1,89.0
2016-04-14,0.37,5.1,89.0
2016-04-15,0.37,5.1,89.0
2016-04-18,0.37,5.1,89.0
2016-04-19,0.37,5.1,89.0
2016-04-20,0.37,5.1,89.0
2016-04-21,0.37,5.1,89.0
2016-04-22,0.37,5.1,89.0
2016-04-25,0.37,5.1,89.0
2016-04-26,0.37,5.1,89.0
2016-04-27,0.37,5.1,89.0
2016-04-28,0.37,5.1,89.0
2016-04-29,0.3,5.1,89.0
2016-05-02,0.37,4.8,94.7
2016-05-03,0.37,4.8,94.7
2016-05-04,0.37,4.8,94.7
2016-05-05,0.37,4.8,94.7
2016-05-06,0.37,4.8,94.7
2016-05-09,0.37,4.8,94.7
2016-05-10,0.37,4.8,94.7
2016-05-11,0.37,4.8,94.7
2016-05-12,0.37,4.8,94.7
2016-05-13,0.37,4.8,94.7
2016-05-16,0.37,4.8,94.7
2016-05-17,0.37,4.8,94.7
2016-05-18,0.37,4.8,94.7
2016-05-19,0.37,4.8,94.7
2016-05-20,0.37,4.8,94.7
2016-05-23,0.37,4.8,94.7
2016-05-24,0.37,4.8,94.7
2016-05-25,0.37,4.8,94.7
2016-05-26,0.37,4.8,94.7
2016-05-27,0.37,4.8,94.7
2016-05-30,,4.8,94.7
2016-05-31,0.29,4.8,94.7
2016-06-01,0.37,4.9,93.5
2016-06-02,0.37,4.9,93.5
2016-06-03,0.37,4.9,93.5
2016-06-06,0.37,4.9,93.5
2016-06-07,0.37,4.9,93.5
2016-06-08,0.37,4.9,93.5
2016-06-09,0.37,4.9,93.5
2016-06-10,0.37,4.9,93.5
2016-06-13,0.37,4.9,93.5
2016-06-14,0.37,4.9,93.5
2016-06-15,0.37,4.9,93.5
2016-06-16,0.38,4.9,93.5
2016-06-17,0.38,4.9,93.5
2016-06-20,0.38,4.9,93.5
2016-06-21,0.38,4.9,93.5
2016-06-22,0.38,4.9,93.5
2016-06-23,0.39,4.9,93.5
2016-06-24,0.4,4.9,93.5
2016-06-27,0.41,4.9,93.5
2016-06-28,0.41,4.9,93.5
2016-06-29,0.41,4.9,93.5
2016-06-30,0.3,4.9,93.5
2016-07-01,0.41,4.8,90.0
2016-07-04,,4.8,90.0
2016-07-05,0.4,4.8,90.0
2016-07-06,0.4,4.8,90.0
2016-07-07,0.4,4.8,90.0
2016-07-08,0.4,4.8,90.0
2016-07-11,0.4,4.8,90.0
2016-07-12,0.4,4.8,90.0
2016-07-13,0.4,4.8,90.0
2016-07-14,0.4,4.8,90.0
2016-07-15,0.4,4.8,90.0
2016-07-18,0.4,4.8,90.0
2016-07-19,0.4,4.8,90.0
2016-07-20,0.4,4.8,90.0
2016-07-21,0.4,4.8,90.0
2016-07-22,0.4,4.8,90.0
2016-07-25,0.4,4.8,90.0
2016-07-26,0.4,4.8,90.0
2016-07-27,0.4,4.8,90.0
2016-07-28,0.4,4.8,90.0
2016-07-29,0.3,4.8,90.0
2016-08-01,0.4,4.9,89.8
2016-08-02,0.4,4.9,89.8
2016-08-03,0.4,4.9,89.8
2016-08-04,0.4,4.9,89.8
2016-08-05,0.4,4.9,89.8
2016-08-08,0.4,4.9,89.8
2016-08-09,0.4,4.9,89.8
2016-08-10,0.4,4.9,89.8
2016-08-11,0.4,4.9,89.8
2016-08-12,0.4,4.9,89.8
2016-08-15,0.4,4.9,89.8
2016-08-16,0.4,4.9,89.8
2016-08-17,0.4,4.9,89.8
2016-08-18,0.4,4.9,89.8
2016-08-19,0.4,4.9,89.8
2016-08-22,0.4,4.9,89.8
2016-08-23,0.4,4.9,89.8
2016-08-24,0.4,4.9,89.8
2016-08-25,0.4,4.9,89.8
2016-08-26,0.4,4.9,89.8
2016-08-29,0.4,4.9,89.8
2016-08-30,0.4,4.9,89.8
2016-08-31,0.3,4.9,89.8
2016-09-01,0.4,5.0,91.2
2016-09-02,0.4,5.0,91.2
2016-09-05,,5.0,91.2
2016-09-06,0.4,5.0,91.2
2016-09-07,0.4,5.0,91.2
2016-09-08,0.4,5.0,91.2
2016-09-09,0.4,5.0,91.2
2016-09-12,0.4,5.0,91.2
2016-09-13,0.4,5.0,91.2
2016-09-14,0.4,5.0,91.2
2016-09-15,0.4,5.0,91.2
2016-09-16,0.4,5.0,91.2
2016-09-19,0.4,5.0,91.2
2016-09-20,0.4,5.0,91.2
2016-09-21,0.4,5.0,91.2
2016-09-22,0.4,5.0,91.2
2016-09-23,0.4,5.0,91.2
2016-09-26,0.4,5.0,91.2
2016-09-27,0.4,5.0,91.2
2016-09-28,0.4,5.0,91.2
2016-09-29,0.4,5.0,91.2
2016-09-30,0.29,5.0,91.2
2016-10-03,0.4,4.9,87.2
2016-10-04,0.4,4.9,87.2
2016-10-05,0.4,4.9,87.2
2016-10-06,0.4,4.9,87.2
2016-10-07,0.4,4.9,87.2
2016-10-10,,4.9,87.2
2016-10-11,0.41,4.9,87.2
2016-10-12,0.41,4.9,87.2
2016-10-13,0.41,4.9,87.2
2016-10-14,0.41,4.9,87.2
2016-10-17,0.41,4.9,87.2
2016-10-18,0.41,4.9,87.2
2016-10-19,0.41,4.9,87.2
2016-10-20,0.41,4.9,87.2
2016-10-21,0.41,4.9,87.2
2016-10-24,0.41,4.9,87.2
2016-10-25,0.41,4.9,87.2
2016-10-26,0.41,4.9,87.2
2016-10-27,0.41,4.9,87.2
2016-10-28,0.41,4.9,87.2
2016-10-31,0.31,4.9,87.2
2016-11-01,0.41,4.7,93.8
2016-11-02,0.41,4.7,93.8
2016-11-03,0.41,4.7,93.8
2016-11-04,0.41,4.7,93.8
2016-11-07,0.41,4.7,93.8
2016-11-08,0.41,4.7,93.8
2016-11-09,0.41,4.7,93.8
2016-11-10,0.41,4.7,93.8
2016-11-11,,4.7,93.8
2016-11-14,0.41,4.7,93.8
2016-11-15,0.41,4.7,93.8
2016-11-16,0.41,4.7,93.8
2016-11-17,0.41,4.7,93.8
2016-11-18,0.41,4.7,93.8
2016-11-21,0.41,4.7,93.8
2016-11-22,0.41,4.7,93.8
2016-11-23,0.41,4.7,93.8
2016-11-24,,4.7,93.8
2016-11-25,0.41,4.7,93.8
2016-11-28,0.41,4.7,93.8
2016-11-29,0.41,4.7,93.8
2016-11-30,0.31,4.7,93.8
2016-12-01,0.41,4.7,98.2
2016-12-02,0.41,4.7,98.2
2016-12-05,0.41,4.7,98.2
2016-12-06,0.41,4.7,98.2
2016-12-07,0.41,4.7,98.2
2016-12-08,0.41,4.7,98.2
2016-12-09,0.41,4.7,98.2
2016-12-12,0.41,4.7,98.2
2016-12-13,0.41,4.7,98.2
2016-12-14,0.41,4.7,98.2
2016-12-15,0.66,4.7,98.2
2016-12-16,0.66,4.7,98.2
2016-12-19,0.66,4.7,98.2
2016-12-20,0.66,4.7,98.2
2016-12-21,0.66,4.7,98.2
2016-12-22,0.66,4.7,98.2
2016-12-23,0.66,4.7,98.2
2016-12-26,,4.7,98.2
2016-12-27,0.66,4.7,98.2
2016-12-28,0.66,4.7,98.2
2016-12-29,0.66,4.7,98.2
2016-12-30,0.55,4.7,98.2
2017-01-02,,4.7,98.5
2017-01-03,0.66,4.7,98.5
2017-01-04,0.66,4.7,98.5
2017-01-05,0.66,4.7,98.5
2017-01-06,0.66,4.7,98.5
2017-01-09,0.66,4.7,98.5
2017-01-10,0.66,4.7,98.5
2017-01-11,0.66,4.7,98.5
2017-01-12,0.66,4.7,98.5
2017-01-13,0.66,4.7,98.5
2017-01-16,,4.7,98.5
2017-01-17,0.66,4.7,98.5
2017-01-18,0.66,4.7,98.5
2017-01-19,0.66,4.7,98.5
2017-01-20,0.66,4.7,98.5
2017-01-23,0.66,4.7,98.5
2017-01-24,0.66,4.7,98.5
2017-01-25,0.66,4.7,98.5
2017-01-26,0.66,4.7,98.5
2017-01-27,0.66,4.7,98.5
2017-01-30,0.66,4.7,98.5
2017-01-31,0.56,4.7,98.5
2017-02-01,0.66,4.6,96.3
2017-02-02,0.66,4.6,96.3
2017-02-03,0.66,4.6,96.3
2017-02-06,0.66,4.6,96.3
2017-02-07,0.66,4.6,96.3
2017-02-08,0.66,4.6,96.3
2017-02-09,0.66,4.6,96.3
2017-02-10,0.66,4.6,96.3
2017-02-13,0.66,4.6,96.3
2017-02-14,0.66,4.6,96.3
2017-02-15,0.66,4.6,96.3
2017-02-16,0.66,4.6,96.3
2017-02-17,0.66,4.6,96.3
2017-02-20,,4.6,96.3
2017-02-21,0.66,4.6,96.3
2017-02-22,0.66,4.6,96.3
2017-02-23,0.66,4.6,96.3
2017-02-24,0.66,4.6,96.3
2017-02-27,0.66,4.6,96.3
2017-02-28,0.57,4.6,96.3
2017-03-01,0.66,4.4,96.9
2017-03-02,0.66,4.4,96.9
2017-03-03,0.66,4.4,96.9
2017-03-06,0.66,4.4,96.9
2017-03-07,0.66,4.4,96.9
2017-03-08,0.66,4.4,96.9
2017-03-09,0.66,4.4,96.9
2017-03-10,0.66,4.4,96.9
2017-03-13,0.66,4.4,96.9
2017-03-14,0.66,4.4,96.9
2017-03-15,0.66,4.4,96.9
2017-03-16,0.91,4.4,96.9
2017-03-17,0.91,4.4,96.9
2017-03-20,0.91,4.4,96.9
2017-03-21,0.91,4.4,96.9
2017-03-22,0.91,4.4,96.9
2017-03-23,0.91,4.4,96.9
2017-03-24,0.91,4.4,96.9
2017-03-27,0.91,4.4,96.9
2017-03-28,0.91,4.4,96.9
2017-03-29,0.91,4.4,96.9
2017-03-30,0.91,4.4,96.9
2017-03-31,0.82,4.4,96.9
2017-04-03,0.91,4.4,97.0
2017-04-04,0.91,4.4,97.0
2017-04-05,0.91,4.4,97.0
2017-04-06,0.91,4.4,97.0
2017-04-07,0.91,4.4,97.0
2017-04-10,0.91,4.4,97.0
2017-04-11,0.91,4.4,97.0
2017-04-12,0.91,4.4,97.0
2017-04-13,0.91,4.4,97.0
2017-04-14,0.91,4.4,97.0
2017-04-17,0.91,4.4,97.0
2017-04-18,0.91,4.4,97.0
2017-04-19,0.91,4.4,97.0
2017-04-20,0.91,4.4,97.0
2017-04-21,0.91,4.4,97.0
2017-04-24,0.91,4.4,97.0
2017-04-25,0.91,4.4,97.0
2017-04-26,0.91,4.4,97.0
2017-04-27,0.91,4.4,97.0
2017-04-28,0.83,4.4,97.0
2017-05-01,0.91,4.4,97.1
2017-05-02,0.91,4.4,97.1
2017-05-03,0.91,4.4,97.1
2017-05-04,0.91,4.4,97.1
2017-05-05,0.91,4.4,97.1
2017-05-08,0.91,4.4,97.1
2017-05-09,0.91,4.4,97.1
2017-05-10,0.91,4.4,97.1
2017-05-11,0.91,4.4,97.1
2017-05-12,0.91,4.4,97.1
2017-05-15,0.91,4.4,97.1
2017-05-16,0.91,4.4,97.1
2017-05-17,0.91,4.4,97.1
2017-05-18,0.91,4.4,97.1
2017-05-19,0.91,4.4,97.1
2017-05-22,0.91,4.4,97.1
2017-05-23,0.91,4.4,97.1
2017-05-24,0.91,4.4,97.1
2017-05-25,0.91,4.4,97.1
2017-05-26,0.91,4.4,97.1
2017-05-29,,4.4,97.1
2017-05-30,0.91,4.4,97.1
2017-05-31,0.83,4.4,97.1
2017-06-01,0.91,4.3,95.0
2017-06-02,0.91,4.3,95.0
2017-06-05,0.91,4.3,95.0
2017-06-06,0.91,4.3,95.0
2017-06-07,0.91,4.3,95.0
2017-06-08,0.91,4.3,95.0
2017-06-09,0.91,4.3,95.0
2017-06-12,0.91,4.3,95.0
2017-06-13,0.91,4.3,95.0
2017-06-14,0.91,4.3,95.0
2017-06-15,1.16,4.3,95.0
2017-06-16,1.16,4.3,95.0
2017-06-19,1.16,4.3,95.0
2017-06-20,1.16,4.3,95.0
2017-06-21,1.16,4.3,95.0
2017-06-22,1.16,4.3,95.0
2017-06-23,1.16,4.3,95.0
2017-06-26,1.16,4.3,95.0
2017-06-27,1.16,4.3,95.0
2017-06-28,1.16,4.3,95.0
2017-06-29,1.16,4.3,95.0
2017-06-30,1.06,4.3,95.0
2017-07-03,1.16,4.3,93.4
2017-07-04,,4.3,93.4
2017-07-05,1.16,4.3,93.4
2017-07-06,1.16,4.3,93.4
2017-07-07,1.16,4.3,93.4
2017-07-10,1.16,4.3,93.4
2017-07-11,1.16,4.3,93.4
2017-07-12,1.16,4.3,93.4
2017-07-13,1.16,4.3,93.4
2017-07-14,1.16,4.3,93.4
2017-07-17,1.16,4.3,93.4
2017-07-18,1.16,4.3,93.4
2017-07-19,1.16,4.3,93.4
2017-07-20,1.16,4.3,93.4
2017-07-21,1.16,4.3,93.4
2017-07-24,1.16,4.3,93.4
2017-07-25,1.16,4.3,93.4
2017-07-26,1.16,4.3,93.4
2017-07-27,1.16,4.3,93.4
2017-07-28,1.16,4.3,93.4
2017-07-31,1.07,4.3,93.4
2017-08-01,1.16,4.4,96.8
2017-08-02,1.16,4.4,96.8
2017-08-03,1.16,4.4,96.8
2017-08-04,1.16,4.4,96.8
2017-08-07,1.16,4.4,96.8
2017-08-08,1.16,4.4,96.8
2017-08-09,1.16,4.4,96.8
2017-08-10,1.16,4.4,96.8
2017-08-11,1.16,4.4,96.8
2017-08-14,1.16,4.4,96.8
2017-08-15,1.16,4.4,96.8
2017-08-16,1.16,4.4,96.8
2017-08-17,1.16,4.4,96.8
2017-08-18,1.16,4.4,96.8
2017-08-21,1.16,4.4,96.8
2017-08-22,1.16,4.4,96.8
2017-08-23,1.16,4.4,96.8
2017-08-24,1.16,4.4,96.8
2017-08-25,1.16,4.4,96.8
2017-08-28,1.16,4.4,96.8
2017-08-29,1.16,4.4,96.8
2017-08-30,1.16,4.4,96.8
2017-08-31,1.07,4.4,96.8
2017-09-01,1.16,4.3,95.1
2017-09-04,,4.3,95.1
2017-09-05,1.16,4.3,95.1
2017-09-06,1.16,4.3,95.1
2017-09-07,1.16,4.3,95.1
2017-09-08,1.16,4.3,95.1
2017-09-11,1.16,4.3,95.1
2017-09-12,1.16,4.3,95.1
2017-09-13,1.16,4.3,95.1
2017-09-14,1.16,4.3,95.1
2017-09-15,1.16,4.3,95.1
2017-09-18,1.16,4.3,95.1
2017-09-19,1.16,4.3,95.1
2017-09-20,1.16,4.3,95.1
2017-09-21,1.16,4.3,95.1
2017-09-22,1.16,4.3,95.1
2017-09-25,1.16,4.3,95.1
2017-09-26,1.16,4.3,95.1
2017-09-27,1.16,4.3,95.1
2017-09-28,1.16,4.3,95.1
2017-09-29,1.06,4.3,95.1
2017-10-02,1.16,4.2,100.7
2017-10-03,1.16,4.2,100.7
2017-10-04,1.16,4.2,100.7
2017-10-05,1.16,4.2,100.7
2017-10-06,1.16,4.2,100.7
2017-10-09,,4.2,100.7
2017-10-10,1.16,4.2,100.7
2017-10-11,1.16,4.2,100.7
2017-10-12,1.16,4.2,100.7
2017-10-13,1.16,4.2,100.7
2017-10-16,1.16,4.2,100.7
2017-10-17,1.16,4.2,100.7
2017-10-18,1.16,4.2,100.7
2017-10-19,1.16,4.2,100.7
2017-10-20,1.16,4.2,100.7
2017-10-23,1.16,4.2,100.7
2017-10-24,1.16,4.2,100.7
2017-10-25,1.16,4.2,100.7
2017-10-26,1.16,4.2,100.7
2017-10-27,1.16,4.2,100.7
2017-10-30,1.16,4.2,100.7
2017-10-31,1.07,4.2,100.7
2017-11-01,1.16,4.2,98.5
2017-11-02,1.16,4.2,98.5
2017-11-03,1.16,4.2,98.5
2017-11-06,1.16,4.2,98.5
2017-11-07,1.16,4.2,98.5
2017-11-08,1.16,4.2,98.5
2017-11-09,1.16,4.2,98.5
2017-11-10,1.16,4.2,98.5
2017-11-13,1.16,4.2,98.5
2017-11-14,1.16,4.2,98.5
2017-11-15,1.16,4.2,98.5
2017-11-16,1.16,4.2,98.5
2017-11-17,1.16,4.2,98.5
2017-11-20,1.16,4.2,98.5
2017-11-21,1.16,4.2,98.5
2017-11-22,1.16,4.2,98.5
2017-11-23,,4.2,98.5
2017-11-24,1.16,4.2,98.5
2017-11-27,1.16,4.2,98.5
2017-11-28,1.16,4.2,98.5
2017-11-29,1.16,4.2,98.5
2017-11-30,1.07,4.2,98.5
2017-12-01,1.16,4.1,95.9
2017-12-04,1.16,4.1,95.9
2017-12-05,1.16,4.1,95.9
2017-12-06,1.16,4.1,95.9
2017-12-07,1.16,4.1,95.9
2017-12-08,1.16,4.1,95.9
2017-12-11,1.16,4.1,95.9
2017-12-12,1.17,4.1,95.9
2017-12-13,1.17,4.1,95.9
2017-12-14,1.41,4.1,95.9
2017-12-15,1.41,4.1,95.9
2017-12-18,1.42,4.1,95.9
2017-12-19,1.42,4.1,95.9
2017-12-20,1.42,4.1,95.9
2017-12-21,1.42,4.1,95.9
2017-12-22,1.42,4.1,95.9
2017-12-25,,4.1,95.9
2017-12-26,1.42,4.1,95.9
2017-12-27,1.42,4.1,95.9
2017-12-28,1.42,4.1,95.9
2017-12-29,1.33,4.1,95.9
2018-01-01,,4.0,95.7
2018-01-02,1.42,4.0,95.7
2018-01-03,1.42,4.0,95.7
2018-01-04,1.42,4.0,95.7
2018-01-05,1.42,4.0,95.7
2018-01-08,1.42,4.0,95.7
2018-01-09,1.42,4.0,95.7
2018-01-10,1.42,4.0,95.7
2018-01-11,1.42,4.0,95.7
2018-01-12,1.42,4.0,95.7
2018-01-15,,4.0,95.7
2018-01-16,1.42,4.0,95.7
2018-01-17,1.42,4.0,95.7
2018-01-18,1.42,4.0,95.7
2018-01-19,1.42,4.0,95.7
2018-01-22,1.42,4.0,95.7
2018-01-23,1.42,4.0,95.7
2018-01-24,1.42,4.0,95.7
2018-01-25,1.42,4.0,95.7
2018-01-26,1.42,4.0,95.7
2018-01-29,1.42,4.0,95.7
2018-01-30,1.42,4.0,95.7
2018-01-31,1.34,4.0,95.7
2018-02-01,1.42,4.1,99.7
2018-02-02,1.42,4.1,99.7
2018-02-05,1.42,4.1,99.7
2018-02-06,1.42,4.1,99.7
2018-02-07,1.42,4.1,99.7
2018-02-08,1.42,4.1,99.7
2018-02-09,1.42,4.1,99.7
2018-02-12,1.42,4.1,99.7
2018-02-13,1.42,4.1,99.7
2018-02-14,1.42,4.1,99.7
2018-02-15,1.42,4.1,99.7
2018-02-16,1.42,4.1,99.7
2018-02-19,,4.1,99.7
2018-02-20,1.42,4.1,99.7
2018-02-21,1.42,4.1,99.7
2018-02-22,1.42,4.1,99.7
2018-02-23,1.42,4.1,99.7
2018-02-26,1.42,4.1,99.7
2018-02-27,1.42,4.1,99.7
2018-02-28,1.35,4.1,99.7
2018-03-01,1.42,4.0,101.4
2018-03-02,1.42,4.0,101.4
2018-03-05,1.42,4.0,101.4
2018-03-06,1.42,4.0,101.4
2018-03-07,1.42,4.0,101.4
2018-03-08,1.42,4.0,101.4
2018-03-09,1.42,4.0,101.4
2018-03-12,1.42,4.0,101.4
2018-03-13,1.42,4.0,101.4
2018-03-14,1.42,4.0,101.4
2018-03-15,1.43,4.0,101.4
2018-03-16,1.43,4.0,101.4
2018-03-19,1.43,4.0,101.4
2018-03-20,1.44,4.0,101.4
2018-03-21,1.44,4.0,101.4
2018-03-22,1.68,4.0,101.4
2018-03-23,1.68,4.0,101.4
2018-03-26,1.68,4.0,101.4
2018-03-27,1.68,4.0,101.4
2018-03-28,1.68,4.0,101.4
2018-03-29,1.68,4.0,101.4
2018-03-30,1.67,4.0,101.4
2018-04-02,1.68,4.0,98.8
2018-04-03,1.69,4.0,98.8
2018-04-04,1.69,4.0,98.8
2018-04-05,1.69,4.0,98.8
2018-04-06,1.69,4.0,98.8
2018-04-09,1.69,4.0,98.8
2018-04-10,1.69,4.0,98.8
2018-04-11,1.69,4.0,98.8
2018-04-12,1.69,4.0,98.8
2018-04-13,1.69,4.0,98.8
2018-04-16,1.69,4.0,98.8
2018-04-17,1.69,4.0,98.8
2018-04-18,1.69,4.0,98.8
2018-04-19,1.69,4.0,98.8
2018-04-20,1.7,4.0,98.8
2018-04-23,1.7,4.0,98.8
2018-04-24,1.7,4.0,98.8
2018-04-25,1.7,4.0,98.8
2018-04-26,1.7,4.0,98.8
2018-04-27,1.7,4.0,98.8
2018-04-30,1.69,4.0,98.8
2018-05-01,1.7,3.8,98.0
2018-05-02,1.7,3.8,98.0
2018-05-03,1.7,3.8,98.0
2018-05-04,1.7,3.8,98.0
2018-05-07,1.7,3.8,98.0
2018-05-08,1.7,3.8,98.0
2018-05-09,1.7,3.8,98.0
2018-05-10,1.7,3.8,98.0
2018-05-11,1.7,3.8,98.0
2018-05-14,1.7,3.8,98.0
2018-05-15,1.7,3.8,98.0
2018-05-16,1.7,3.8,98.0
2018-05-17,1.7,3.8,98.0
2018-05-18,1.7,3.8,98.0
2018-05-21,1.7,3.8,98.0
2018-05-22,1.7,3.8,98.0
2018-05-23,1.7,3.8,98.0
2018-05-24,1.7,3.8,98.0
2018-05-25,1.7,3.8,98.0
2018-05-28,,3.8,98.0
2018-05-29,1.7,3.8,98.0
2018-05-30,1.7,3.8,98.0
2018-05-31,1.7,3.8,98.0
2018-06-01,1.7,4.0,98.2
2018-06-04,1.7,4.0,98.2
2018-06-05,1.7,4.0,98.2
2018-06-06,1.7,4.0,98.2
2018-06-07,1.7,4.0,98.2
2018-06-08,1.7,4.0,98.2
2018-06-11,1.7,4.0,98.2
2018-06-12,1.7,4.0,98.2
2018-06-13,1.7,4.0,98.2
2018-06-14,1.9,4.0,98.2
2018-06-15,1.9,4.0,98.2
2018-06-18,1.9,4.0,98.2
2018-06-19,1.91,4.0,98.2
2018-06-20,1.92,4.0,98.2
2018-06-21,1.92,4.0,98.2
2018-06-22,1.92,4.0,98.2
2018-06-25,1.92,4.0,98.2
2018-06-26,1.92,4.0,98.2
2018-06-27,1.91,4.0,98.2
2018-06-28,1.91,4.0,98.2
2018-06-29,1.91,4.0,98.2
2018-07-02,1.91,3.8,97.9
2018-07-03,1.91,3.8,97.9
2018-07-04,,3.8,97.9
2018-07-05,1.91,3.8,97.9
2018-07-06,1.91,3.8,97.9
2018-07-09,1.91,3.8,97.9
2018-07-10,1.91,3.8,97.9
2018-07-11,1.91,3.8,97.9
2018-07-12,1.91,3.8,97.9
2018-07-13,1.91,3.8,97.9
2018-07-16,1.91,3.8,97.9
2018-07-17,1.91,3.8,97.9
2018-07-18,1.91,3.8,97.9
2018-07-19,1.91,3.8,97.9
2018-07-20,1.91,3.8,97.9
2018-07-23,1.91,3.8,97.9
2018-07-24,1.91,3.8,97.9
2018-07-25,1.91,3.8,97.9
2018-07-26,1.91,3.8,97.9
2018-07-27,1.91,3.8,97.9
2018-07-30,1.91,3.8,97.9
2018-07-31,1.91,3.8,97.9
2018-08-01,1.91,3.8,96.2
2018-08-02,1.91,3.8,96.2
2018-08-03,1.91,3.8,96.2
2018-08-06,1.91,3.8,96.2
2018-08-07,1.91,3.8,96.2
2018-08-08,1.91,3.8,96.2
2018-08-09,1.91,3.8,96.2
2018-08-10,1.91,3.8,96.2
2018-08-13,1.91,3.8,96.2
2018-08-14,1.91,3.8,96.2
2018-08-15,1.91,3.8,96.2
2018-08-16,1.92,3.8,96.2
2018-08-17,1.92,3.8,96.2
2018-08-20,1.92,3.8,96.2
2018-08-21,1.92,3.8,96.2
2018-08-22,1.92,3.8,96.2
2018-08-23,1.92,3.8,96.2
2018-08-24,1.92,3.8,96.2
2018-08-27,1.92,3.8,96.2
2018-08-28,1.92,3.8,96.2
2018-08-29,1.92,3.8,96.2
2018-08-30,1.92,3.8,96.2
2018-08-31,1.91,3.8,96.2
2018-09-03,,3.7,100.1
2018-09-04,1.92,3.7,100.1
2018-09-05,1.92,3.7,100.1
2018-09-06,1.92,3.7,100.1
2018-09-07,1.92,3.7,100.1
2018-09-10,1.92,3.7,100.1
2018-09-11,1.92,3.7,100.1
2018-09-12,1.92,3.7,100.1
2018-09-13,1.92,3.7,100.1
2018-09-14,1.92,3.7,100.1
2018-09-17,1.92,3.7,100.1
2018-09-18,1.92,3.7,100.1
2018-09-19,1.92,3.7,100.1
2018-09-20,1.92,3.7,100.1
2018-09-21,1.92,3.7,100.1
2018-09-24,1.93,3.7,100.1
2018-09-25,1.93,3.7,100.1
2018-09-26,1.93,3.7,100.1
2018-09-27,2.18,3.7,100.1
2018-09-28,2.18,3.7,100.1
2018-10-01,2.18,3.8,98.6
2018-10-02,2.18,3.8,98.6
2018-10-03,2.18,3.8,98.6
2018-10-04,2.18,3.8,98.6
2018-10-05,2.18,3.8,98.6
2018-10-08,,3.8,98.6
2018-10-09,2.18,3.8,98.6
2018-10-10,2.18,3.8,98.6
2018-10-11,2.18,3.8,98.6
2018-10-12,2.18,3.8,98.6
2018-10-15,2.18,3.8,98.6
2018-10-16,2.18,3.8,98.6
2018-10-17,2.19,3.8,98.6
2018-10-18,2.19,3.8,98.6
2018-10-19,2.19,3.8,98.6
2018-10-22,2.19,3.8,98.6
2018-10-23,2.2,3.8,98.6
2018-10-24,2.2,3.8,98.6
2018-10-25,2.2,3.8,98.6
2018-10-26,2.2,3.8,98.6
2018-10-29,2.2,3.8,98.6
2018-10-30,2.2,3.8,98.6
2018-10-31,2.2,3.8,98.6
2018-11-01,2.2,3.8,97.5
2018-11-02,2.19,3.8,97.5
2018-11-05,2.2,3.8,97.5
2018-11-06,2.2,3.8,97.5
2018-11-07,2.2,3.8,97.5
2018-11-08,2.2,3.8,97.5
2018-11-09,2.19,3.8,97.5
2018-11-12,,3.8,97.5
2018-11-13,2.2,3.8,97.5
2018-11-14,2.2,3.8,97.5
2018-11-15,2.2,3.8,97.5
2018-11-16,2.2,3.8,97.5
2018-11-19,2.2,3.8,97.5
2018-11-20,2.2,3.8,97.5
2018-11-21,2.2,3.8,97.5
2018-11-22,,3.8,97.5
2018-11-23,2.2,3.8,97.5
2018-11-26,2.2,3.8,97.5
2018-11-27,2.2,3.8,97.5
2018-11-28,2.2,3.8,97.5
2018-11-29,2.2,3.8,97.5
2018-11-30,2.2,3.8,97.5
2018-12-03,2.19,3.9,98.3
2018-12-04,2.2,3.9,98.3
2018-12-05,2.2,3.9,98.3
2018-12-06,2.2,3.9,98.3
2018-12-07,2.19,3.9,98.3
2018-12-10,2.2,3.9,98.3
2018-12-11,2.19,3.9,98.3
2018-12-12,2.19,3.9,98.3
2018-12-13,2.19,3.9,98.3
2018-12-14,2.19,3.9,98.3
2018-12-17,2.2,3.9,98.3
2018-12-18,2.2,3.9,98.3
2018-12-19,2.2,3.9,98.3
2018-12-20,2.4,3.9,98.3
2018-12-21,2.4,3.9,98.3
2018-12-24,2.4,3.9,98.3
2018-12-25,,3.9,98.3
2018-12-26,2.4,3.9,98.3
2018-12-27,2.4,3.9,98.3
2018-12-28,2.4,3.9,98.3
2018-12-31,2.4,3.9,98.3
2019-01-01,,4.0,91.2
2019-01-02,2.4,4.0,91.2
2019-01-03,2.4,4.0,91.2
2019-01-04,2.4,4.0,91.2
2019-01-07,2.4,4.0,91.2
2019-01-08,2.4,4.0,91.2
2019-01-09,2.4,4.0,91.2
2019-01-10,2.4,4.0,91.2
2019-01-11,2.4,4.0,91.2
2019-01-14,2.4,4.0,91.2
2019-01-15,2.4,4.0,91.2
2019-01-16,2.4,4.0,91.2
2019-01-17,2.4,4.0,91.2
2019-01-18,2.4,4.0,91.2
2019-01-21,,4.0,91.2
2019-01-22,2.4,4.0,91.2
2019-01-23,2.4,4.0,91.2
2019-01-24,2.4,4.0,91.2
2019-01-25,2.4,4.0,91.2
2019-01-28,2.4,4.0,91.2
2019-01-29,2.4,4.0,91.2
2019-01-30,2.4,4.0,91.2
2019-01-31,2.4,4.0,91.2
2019-02-01,2.4,3.8,93.8
2019-02-04,2.4,3.8,93.8
2019-02-05,2.4,3.8,93.8
2019-02-06,2.4,3.8,93.8
2019-02-07,2.4,3.8,93.8
2019-02-08,2.4,3.8,93.8
2019-02-11,2.4,3.8,93.8
2019-02-12,2.4,3.8,93.8
2019-02-13,2.4,3.8,93.8
2019-02-14,2.4,3.8,93.8
2019-02-15,2.4,3.8,93.8
2019-02-18,,3.8,93.8
2019-02-19,2.4,3.8,93.8
2019-02-20,2.4,3.8,93.8
2019-02-21,2.4,3.8,93.8
2019-02-22,2.4,3.8,93.8
2019-02-25,2.4,3.8,93.8
2019-02-26,2.4,3.8,93.8
2019-02-27,2.4,3.8,93.8
2019-02-28,2.4,3.8,93.8
2019-03-01,2.4,3.8,98.4
2019-03-04,2.4,3.8,98.4
2019-03-05,2.4,3.8,98.4
2019-03-06,2.4,3.8,98.4
2019-03-07,2.4,3.8,98.4
2019-03-08,2.4,3.8,98.4
2019-03-11,2.4,3.8,98.4
2019-03-12,2.4,3.8,98.4
2019-03-13,2.4,3.8,98.4
2019-03-14,2.4,3.8,98.4
2019-03-15,2.4,3.8,98.4
2019-03-18,2.4,3.8,98.4
2019-03-19,2.4,3.8,98.4
2019-03-20,2.41,3.8,98.4
2019-03-21,2.41,3.8,98.4
2019-03-22,2.41,3.8,98.4
2019-03-25,2.4,3.8,98.4
2019-03-26,2.4,3.8,98.4
2019-03-27,2.41,3.8,98.4
2019-03-28,2.41,3.8,98.4
2019-03-29,2.43,3.8,98.4
2019-04-01,2.41,3.7,97.2
2019-04-02,2.41,3.7,97.2
2019-04-03,2.41,3.7,97.2
2019-04-04,2.41,3.7,97.2
2019-04-05,2.41,3.7,97.2
2019-04-08,2.41,3.7,97.2
2019-04-09,2.41,3.7,97.2
2019-04-10,2.41,3.7,97.2
2019-04-11,2.41,3.7,97.2
2019-04-12,2.41,3.7,97.2
2019-04-15,2.41,3.7,97.2
2019-04-16,2.41,3.7,97.2
2019-04-17,2.42,3.7,97.2
2019-04-18,2.43,3.7,97.2
2019-04-19,2.44,3.7,97.2
2019-04-22,2.44,3.7,97.2
2019-04-23,2.44,3.7,97.2
2019-04-24,2.44,3.7,97.2
2019-04-25,2.44,3.7,97.2
2019-04-26,2.44,3.7,97.2
2019-04-29,2.45,3.7,97.2
2019-04-30,2.45,3.7,97.2
2019-05-01,2.45,3.6,100.0
2019-05-02,2.41,3.6,100.0
2019-05-03,2.4,3.6,100.0
2019-05-06,2.4,3.6,100.0
2019-05-07,2.4,3.6,100.0
2019-05-08,2.39,3.6,100.0
2019-05-09,2.38,3.6,100.0
2019-05-10,2.38,3.6,100.0
2019-05-13,2.38,3.6,100.0
2019-05-14,2.38,3.6,100.0
2019-05-15,2.4,3.6,100.0
2019-05-16,2.39,3.6,100.0
2019-05-17,2.39,3.6,100.0
2019-05-20,2.39,3.6,100.0
2019-05-21,2.39,3.6,100.0
2019-05-22,2.38,3.6,100.0
2019-05-23,2.38,3.6,100.0
2019-05-24,2.38,3.6,100.0
2019-05-27,,3.6,100.0
2019-05-28,2.39,3.6,100.0
2019-05-29,2.39,3.6,100.0
2019-05-30,2.39,3.6,100.0
2019-05-31,2.4,3.6,100.0
2019-06-03,2.38,3.6,98.2
2019-06-04,2.38,3.6,98.2
2019-06-05,2.38,3.6,98.2
2019-06-06,2.37,3.6,98.2
2019-06-07,2.37,3.6,98.2
2019-06-10,2.37,3.6,98.2
2019-06-11,2.37,3.6,98.2
2019-06-12,2.37,3.6,98.2
2019-06-13,2.37,3.6,98.2
2019-06-14,2.36,3.6,98.2
2019-06-17,2.38,3.6,98.2
2019-06-18,2.37,3.6,98.2
2019-06-19,2.37,3.6,98.2
2019-06-20,2.37,3.6,98.2
2019-06-21,2.38,3.6,98.2
2019-06-24,2.38,3.6,98.2
2019-06-25,2.38,3.6,98.2
2019-06-26,2.38,3.6,98.2
2019-06-27,2.38,3.6,98.2
2019-06-28,2.4,3.6,98.2
2019-07-01,2.39,3.7,98.4
2019-07-02,2.4,3.7,98.4
2019-07-03,2.41,3.7,98.4
2019-07-04,,3.7,98.4
2019-07-05,2.42,3.7,98.4
2019-07-08,2.41,3.7,98.4
2019-07-09,2.41,3.7,98.4
2019-07-10,2.41,3.7,98.4
2019-07-11,2.4,3.7,98.4
2019-07-12,2.38,3.7,98.4
2019-07-15,2.4,3.7,98.4
2019-07-16,2.41,3.7,98.4
2019-07-17,2.41,3.7,98.4
2019-07-18,2.41,3.7,98.4
2019-07-19,2.41,3.7,98.4
2019-07-22,2.4,3.7,98.4
2019-07-23,2.4,3.7,98.4
2019-07-24,2.4,3.7,98.4
2019-07-25,2.4,3.7,98.4
2019-07-26,2.4,3.7,98.4
2019-07-29,2.4,3.7,98.4
2019-07-30,2.39,3.7,98.4
2019-07-31,2.4,3.7,98.4
2019-08-01,2.14,3.6,89.8
2019-08-02,2.14,3.6,89.8
2019-08-05,2.13,3.6,89.8
2019-08-06,2.13,3.6,89.8
2019-08-07,2.12,3.6,89.8
2019-08-08,2.12,3.6,89.8
2019-08-09,2.12,3.6,89.8
2019-08-12,2.12,3.6,89.8
2019-08-13,2.12,3.6,89.8
2019-08-14,2.12,3.6,89.8
2019-08-15,2.13,3.6,89.8
2019-08-16,2.13,3.6,89.8
2019-08-19,2.13,3.6,89.8
2019-08-20,2.13,3.6,89.8
2019-08-21,2.12,3.6,89.8
2019-08-22,2.12,3.6,89.8
2019-08-23,2.12,3.6,89.8
2019-08-26,2.12,3.6,89.8
2019-08-27,2.12,3.6,89.8
2019-08-28,2.12,3.6,89.8
2019-08-29,2.12,3.6,89.8
2019-08-30,2.13,3.6,89.8
2019-09-02,,3.5,93.2
2019-09-03,2.13,3.5,93.2
2019-09-04,2.13,3.5,93.2
2019-09-05,2.13,3.5,93.2
2019-09-06,2.12,3.5,93.2
2019-09-09,2.13,3.5,93.2
2019-09-10,2.13,3.5,93.2
2019-09-11,2.13,3.5,93.2
2019-09-12,2.13,3.5,93.2
2019-09-13,2.14,3.5,93.2
2019-09-16,2.25,3.5,93.2
2019-09-17,2.3,3.5,93.2
2019-09-18,2.25,3.5,93.2
2019-09-19,1.9,3.5,93.2
2019-09-20,1.9,3.5,93.2
2019-09-23,1.9,3.5,93.2
2019-09-24,1.9,3.5,93.2
2019-09-25,1.9,3.5,93.2
2019-09-26,1.85,3.5,93.2
2019-09-27,1.83,3.5,93.2
2019-09-30,1.9,3.5,93.2
2019-10-01,1.88,3.6,95.5
2019-10-02,1.85,3.6,95.5
2019-10-03,1.83,3.6,95.5
2019-10-04,1.82,3.6,95.5
2019-10-07,1.82,3.6,95.5
2019-10-08,1.82,3.6,95.5
2019-10-09,1.82,3.6,95.5
2019-10-10,1.82,3.6,95.5
2019-10-11,1.82,3.6,95.5
2019-10-14,,3.6,95.5
2019-10-15,1.9,3.6,95.5
2019-10-16,1.9,3.6,95.5
2019-10-17,1.85,3.6,95.5
2019-10-18,1.85,3.6,95.5
2019-10-21,1.85,3.6,95.5
2019-10-22,1.85,3.6,95.5
2019-10-23,1.85,3.6,95.5
2019-10-24,1.85,3.6,95.5
2019-10-25,1.83,3.6,95.5
2019-10-28,1.83,3.6,95.5
2019-10-29,1.82,3.6,95.5
2019-10-30,1.82,3.6,95.5
2019-10-31,1.58,3.6,95.5
2019-11-01,1.57,3.6,96.8
2019-11-04,1.56,3.6,96.8
2019-11-05,1.56,3.6,96.8
2019-11-06,1.55,3.6,96.8
2019-11-07,1.55,3.6,96.8
2019-11-08,1.55,3.6,96.8
2019-11-11,,3.6,96.8
2019-11-12,1.55,3.6,96.8
2019-11-13,1.55,3.6,96.8
2019-11-14,1.55,3.6,96.8
2019-11-15,1.55,3.6,96.8
2019-11-18,1.55,3.6,96.8
2019-11-19,1.55,3.6,96.8
2019-11-20,1.55,3.6,96.8
2019-11-21,1.55,3.6,96.8
2019-11-22,1.55,3.6,96.8
2019-11-25,1.55,3.6,96.8
2019-11-26,1.55,3.6,96.8
2019-11-27,1.55,3.6,96.8
2019-11-28,,3.6,96.8
2019-11-29,1.56,3.6,96.8
2019-12-02,1.56,3.6,99.3
2019-12-03,1.55,3.6,99.3
2019-12-04,1.55,3.6,99.3
2019-12-05,1.55,3.6,99.3
2019-12-06,1.55,3.6,99.3
2019-12-09,1.55,3.6,99.3
2019-12-10,1.55,3.6,99.3
2019-12-11,1.55,3.6,99.3
2019-12-12,1.55,3.6,99.3
2019-12-13,1.55,3.6,99.3
2019-12-16,1.56,3.6,99.3
2019-12-17,1.55,3.6,99.3
2019-12-18,1.55,3.6,99.3
2019-12-19,1.55,3.6,99.3
2019-12-20,1.55,3.6,99.3
2019-12-23,1.55,3.6,99.3
2019-12-24,1.55,3.6,99.3
2019-12-25,,3.6,99.3
2019-12-26,1.55,3.6,99.3
2019-12-27,1.55,3.6,99.3
2019-12-30,1.55,3.6,99.3
2019-12-31,1.55,3.6,99.3
2020-01-01,,3.6,99.8
2020-01-02,1.55,3.6,99.8
2020-01-03,1.55,3.6,99.8
2020-01-06,1.55,3.6,99.8
2020-01-07,1.55,3.6,99.8
2020-01-08,1.55,3.6,99.8
2020-01-09,1.55,3.6,99.8
2020-01-10,1.54,3.6,99.8
2020-01-13,1.54,3.6,99.8
2020-01-14,1.54,3.6,99.8
2020-01-15,1.54,3.6,99.8
2020-01-16,1.54,3.6,99.8
2020-01-17,1.55,3.6,99.8
2020-01-20,,3.6,99.8
2020-01-21,1.55,3.6,99.8
2020-01-22,1.55,3.6,99.8
2020-01-23,1.55,3.6,99.8
2020-01-24,1.55,3.6,99.8
2020-01-27,1.55,3.6,99.8
2020-01-28,1.55,3.6,99.8
2020-01-29,1.55,3.6,99.8
2020-01-30,1.6,3.6,99.8
2020-01-31,1.59,3.6,99.8
2020-02-03,1.59,3.5,101.0
2020-02-04,1.59,3.5,101.0
2020-02-05,1.59,3.5,101.0
2020-02-06,1.59,3.5,101.0
2020-02-07,1.58,3.5,101.0
2020-02-10,1.58,3.5,101.0
2020-02-11,1.58,3.5,101.0
2020-02-12,1.58,3.5,101.0
2020-02-13,1.58,3.5,101.0
2020-02-14,1.58,3.5,101.0
2020-02-17,,3.5,101.0
2020-02-18,1.59,3.5,101.0
2020-02-19,1.59,3.5,101.0
2020-02-20,1.59,3.5,101.0
2020-02-21,1.58,3.5,101.0
2020-02-24,1.58,3.5,101.0
2020-02-25,1.58,3.5,101.0
2020-02-26,1.58,3.5,101.0
2020-02-27,1.58,3.5,101.0
2020-02-28,1.58,3.5,101.0
2020-03-02,1.59,4.4,89.1
2020-03-03,1.59,4.4,89.1
2020-03-04,1.09,4.4,89.1
2020-03-05,1.09,4.4,89.1
2020-03-06,1.09,4.4,89.1
2020-03-09,1.09,4.4,89.1
2020-03-10,1.09,4.4,89.1
2020-03-11,1.09,4.4,89.1
2020-03-12,1.1,4.4,89.1
2020-03-13,1.1,4.4,89.1
2020-03-16,0.25,4.4,89.1
2020-03-17,0.25,4.4,89.1
2020-03-18,0.25,4.4,89.1
2020-03-19,0.2,4.4,89.1
2020-03-20,0.15,4.4,89.1
2020-03-23,0.15,4.4,89.1
2020-03-24,0.12,4.4,89.1
2020-03-25,0.1,4.4,89.1
2020-03-26,0.1,4.4,89.1
2020-03-27,0.1,4.4,89.1
2020-03-30,0.09,4.4,89.1
2020-03-31,0.08,4.4,89.1
2020-04-01,0.06,14.8,71.8
2020-04-02,0.05,14.8,71.8
2020-04-03,0.05,14.8,71.8
2020-04-06,0.05,14.8,71.8
2020-04-07,0.05,14.8,71.8
2020-04-08,0.05,14.8,71.8
2020-04-09,0.05,14.8,71.8
2020-04-10,0.05,14.8,71.8
2020-04-13,0.05,14.8,71.8
2020-04-14,0.05,14.8,71.8
2020-04-15,0.05,14.8,71.8
2020-04-16,0.05,14.8,71.8
2020-04-17,0.05,14.8,71.8
2020-04-20,0.05,14.8,71.8
2020-04-21,0.05,14.8,71.8
2020-04-22,0.05,14.8,71.8
2020-04-23,0.04,14.8,71.8
2020-04-24,0.05,14.8,71.8
2020-04-27,0.04,14.8,71.8
2020-04-28,0.04,14.8,71.8
2020-04-29,0.04,14.8,71.8
2020-04-30,0.05,14.8,71.8
2020-05-01,0.05,13.2,72.3
2020-05-04,0.05,13.2,72.3
2020-05-05,0.05,13.2,72.3
2020-05-06,0.05,13.2,72.3
2020-05-07,0.05,13.2,72.3
2020-05-08,0.05,13.2,72.3
2020-05-11,0.05,13.2,72.3
2020-05-12,0.05,13.2,72.3
2020-05-13,0.05,13.2,72.3
2020-05-14,0.05,13.2,72.3
2020-05-15,0.05,13.2,72.3
2020-05-18,0.05,13.2,72.3
2020-05-19,0.05,13.2,72.3
2020-05-20,0.05,13.2,72.3
2020-05-21,0.05,13.2,72.3
2020-05-22,0.05,13.2,72.3
2020-05-25,,13.2,72.3
2020-05-26,0.05,13.2,72.3
2020-05-27,0.05,13.2,72.3
2020-05-28,0.05,13.2,72.3
2020-05-29,0.05,13.2,72.3
2020-06-01,0.05,11.0,78.1
2020-06-02,0.06,11.0,78.1
2020-06-03,0.06,11.0,78.1
2020-06-04,0.06,11.0,78.1
2020-06-05,0.07,11.0,78.1
2020-06-08,0.07,11.0,78.1
2020-06-09,0.07,11.0,78.1
2020-06-10,0.08,11.0,78.1
2020-06-11,0.08,11.0,78.1
2020-06-12,0.08,11.0,78.1
2020-06-15,0.09,11.0,78.1
2020-06-16,0.09,11.0,78.1
2020-06-17,0.09,11.0,78.1
2020-06-18,0.09,11.0,78.1
2020-06-19,0.09,11.0,78.1
2020-06-22,0.08,11.0,78.1
2020-06-23,0.08,11.0,78.1
2020-06-24,0.08,11.0,78.1
2020-06-25,0.08,11.0,78.1
2020-06-26,0.08,11.0,78.1
2020-06-29,0.08,11.0,78.1
2020-06-30,0.08,11.0,78.1
2020-07-01,0.08,10.2,72.5
2020-07-02,0.09,10.2,72.5
2020-07-03,0.09,10.2,72.5
2020-07-06,0.09,10.2,72.5
2020-07-07,0.09,10.2,72.5
2020-07-08,0.09,10.2,72.5
2020-07-09,0.09,10.2,72.5
2020-07-10,0.09,10.2,72.5
2020-07-13,0.09,10.2,72.5
2020-07-14,0.09,10.2,72.5
2020-07-15,0.1,10.2,72.5
2020-07-16,0.1,10.2,72.5
2020-07-17,0.09,10.2,72.5
2020-07-20,0.1,10.2,72.5
2020-07-21,0.1,10.2,72.5
2020-07-22,0.09,10.2,72.5
2020-07-23,0.09,10.2,72.5
2020-07-24,0.09,10.2,72.5
2020-07-27,0.1,10.2,72.5
2020-07-28,0.1,10.2,72.5
2020-07-29,0.1,10.2,72.5
2020-07-30,0.1,10.2,72.5
2020-07-31,0.1,10.2,72.5
2020-08-03,0.1,8.4,74.1
2020-08-04,0.1,8.4,74.1
2020-08-05,0.1,8.4,74.1
2020-08-06,0.1,8.4,74.1
2020-08-07,0.1,8.4,74.1
2020-08-10,0.1,8.4,74.1
2020-08-11,0.1,8.4,74.1
2020-08-12,0.1,8.4,74.1
2020-08-13,0.1,8.4,74.1
2020-08-14,0.1,8.4,74.1
2020-08-17,0.1,8.4,74.1
2020-08-18,0.09,8.4,74.1
2020-08-19,0.09,8.4,74.1
2020-08-20,0.09,8.4,74.1
2020-08-21,0.09,8.4,74.1
2020-08-24,0.09,8.4,74.1
2020-08-25,0.09,8.4,74.1
2020-08-26,0.09,8.4,74.1
2020-08-27,0.08,8.4,74.1
2020-08-28,0.09,8.4,74.1
2020-08-31,0.09,8.4,74.1
2020-09-01,0.09,7.8,80.4
2020-09-02,0.09,7.8,80.4
2020-09-03,0.09,7.8,80.4
2020-09-04,0.09,7.8,80.4
2020-09-07,,7.8,80.4
2020-09-08,0.09,7.8,80.4
2020-09-09,0.09,7.8,80.4
2020-09-10,0.09,7.8,80.4
2020-09-11,0.09,7.8,80.4
2020-09-14,0.09,7.8,80.4
2020-09-15,0.09,7.8,80.4
2020-09-16,0.09,7.8,80.4
2020-09-17,0.09,7.8,80.4
2020-09-18,0.09,7.8,80.4
2020-09-21,0.09,7.8,80.4
2020-09-22,0.09,7.8,80.4
2020-09-23,0.09,7.8,80.4
2020-09-24,0.09,7.8,80.4
2020-09-25,0.09,7.8,80.4
2020-09-28,0.09,7.8,80.4
2020-09-29,0.09,7.8,80.4
2020-09-30,0.09,7.8,80.4
2020-10-01,0.09,6.9,81.8
2020-10-02,0.09,6.9,81.8
2020-10-05,0.09,6.9,81.8
2020-10-06,0.09,6.9,81.8
2020-10-07,0.09,6.9,81.8
2020-10-08,0.09,6.9,81.8
2020-10-09,0.09,6.9,81.8
2020-10-12,,6.9,81.8
2020-10-13,0.09,6.9,81.8
2020-10-14,0.09,6.9,81.8
2020-10-15,0.09,6.9,81.8
2020-10-16,0.09,6.9,81.8
2020-10-19,0.09,6.9,81.8
2020-10-20,0.09,6.9,81.8
2020-10-21,0.09,6.9,81.8
2020-10-22,0.09,6.9,81.8
2020-10-23,0.09,6.9,81.8
2020-10-26,0.09,6.9,81.8
2020-10-27,0.09,6.9,81.8
2020-10-28,0.09,6.9,81.8
2020-10-29,0.09,6.9,81.8
2020-10-30,0.09,6.9,81.8
2020-11-02,0.09,6.7,76.9
2020-11-03,0.09,6.7,76.9
2020-11-04,0.09,6.7,76.9
2020-11-05,0.09,6.7,76.9
2020-11-06,0.09,6.7,76.9
2020-11-09,0.09,6.7,76.9
2020-11-10,0.09,6.7,76.9
2020-11-11,,6.7,76.9
2020-11-12,0.09,6.7,76.9
2020-11-13,0.09,6.7,76.9
2020-11-16,0.09,6.7,76.9
2020-11-17,0.09,6.7,76.9
2020-11-18,0.09,6.7,76.9
2020-11-19,0.08,6.7,76.9
2020-11-20,0.08,6.7,76.9
2020-11-23,0.08,6.7,76.9
2020-11-24,0.08,6.7,76.9
2020-11-25,0.08,6.7,76.9
2020-11-26,,6.7,76.9
2020-11-27,0.08,6.7,76.9
2020-11-30,0.09,6.7,76.9
2020-12-01,0.09,6.7,80.7
2020-12-02,0.09,6.7,80.7
2020-12-03,0.09,6.7,80.7
2020-12-04,0.09,6.7,80.7
2020-12-07,0.09,6.7,80.7
2020-12-08,0.09,6.7,80.7
2020-12-09,0.09,6.7,80.7
2020-12-10,0.09,6.7,80.7
2020-12-11,0.09,6.7,80.7
2020-12-14,0.09,6.7,80.7
2020-12-15,0.09,6.7,80.7
2020-12-16,0.09,6.7,80.7
2020-12-17,0.09,6.7,80.7
2020-12-18,0.09,6.7,80.7
2020-12-21,0.09,6.7,80.7
2020-12-22,0.09,6.7,80.7
2020-12-23,0.09,6.7,80.7
2020-12-24,0.09,6.7,80.7
2020-12-25,,6.7,80.7
2020-12-28,0.09,6.7,80.7
2020-12-29,0.09,6.7,80.7
2020-12-30,0.09,6.7,80.7
2020-12-31,0.09,6.7,80.7
